"Moscow Cinema Theaters, 1946-1955",,,,,,,,
1946,,,,,,,,
Главное управление кинофикации. Кинотеатры союзного подчинения / Glavnoe upravlenie kinofikatsii. Kinoteatry soiuznogo podchineniia,,,,,,,,
Cinema,City,Location,Coordinates,,Run,Seats,Comments,Source
Колизей / Kolizeĭ,"Moscow, SU",Чистые пруды 19-а,"55.761781, 37.645941",,1,1000,Union Cinema,RGALI. F. 2473. Op. 1. D. 286. L. 29-30
Метрополь / Metropol',"Moscow, SU",Пл. Свердлова 2/4,"55.758448, 37.621669",,1,680,Union Cinema,RGALI. F. 2473. Op. 1. D. 286. L. 29-30
Москва / Moskva,"Moscow, SU","Пл. Маяковского, 1 ","55.769494, 37.593533",,1,747,Union Cinema,RGALI. F. 2473. Op. 1. D. 286. L. 29-30
Ударник / Udarnik,"Moscow, SU","ул. Серафимовича, 2","55.744450, 37.613072",,1,1587,Union Cinema,RGALI. F. 2473. Op. 1. D. 286. L. 29-30
Управление кинофикации Мосгорисполкома / Upravlenie kinofikatsii Mosgorispolkoma,,,,,,,,
Cinema,City,Location,Coordinates,,Run,Seats,Comments,Source
Авангард / Avangard,"Moscow, SU",Б. Якиманка,"55.731779, 37.611473",,1,489,,
Аврора / Avrora,"Moscow, SU","ул. Чернышевского, 16","55.759157, 37.645708",,3,338,,
Арс / Ars,"Moscow, SU","Арбат, 51","55.74806146601852, 37.58749976700312",,2,254,,
Баррикады / Barrikady,"Moscow, SU","Баррикадная, 21","55.76064794396243, 37.579330860186516",,2,441,,
Востоккино / Vostokkino,"Moscow, SU",Sverdlova 1/8,"55.76037895000343, 37.61916289759364",,1,443,Будущий кинотеатр Стереокино,
Динамо / Dinamo,"Moscow, SU",Ленинградский,"55.79618060753062, 37.555168887144774",,1,553,,
Диск / Disk,"Moscow, SU","Марьинская ул, 23","55.809621, 37.634416",,3,216,,
Заря / Zaria,"Moscow, SU",Пятницкая ул. 2,"55.745524, 37.626412",,3,261,,
им. III Интернационала / im. III Internatsionala,"Moscow, SU","Спартаковская, 21","55.77323586956071, 37.67796359405088",,2,428,,
Кадр / Kadr,"Moscow, SU","Плющиха, 11","55.744520, 37.579277	",,3,314,,
Кинотеатр повторного фильма / Kinoteatr povtornogo fil'ma,"Moscow, SU","ул. Герцена, 23","55.757288, 37.599238	",,2,466,specialized,
Луч / Luch,"Moscow, SU",Сокольнический округ,"55.791681890731304, 37.68025349659428	",,2,401,,
Мир / Mir,"Moscow, SU","Сущевский вал, 18","55.792343570876206, 37.60394035824865",,2,351,,
Молот / Molot,"Moscow, SU","Русаковская, 23","55.785928, 37.675828	",,2,411,,
Наука и знание / Nauka i znanie,"Moscow, SU","Арбат, 2","55.752414, 37.599597	",,2,293,,
Новости дня / Novosti dnia,"Moscow, SU",Тверской б. 33,"55.764289709486825, 37.60515729827925",,,280,newsreel,
Октябрь / Oktiabr',"Moscow, SU","Шереметьевская, 19","55.79929647698802, 37.61501275297922	",,2,406,children,
Орион / Orion,"Moscow, SU",Преображенская пл. 7,"55.795618, 37.708499	",,1,707,,
Перекоп / Perekop,"Moscow, SU",Грохольский пер. 22,"55.777151, 37.638043	",,1,574,,
ПКиО Сокольники / PKIO Sokol'niki,"Moscow, SU",Сокольнический,"55.792565, 37.677725",,1,,,
Родина / Rodina,"Moscow, SU",Семеновская пл. ,"55.781570, 37.717869	",,1,1231,,
Сад им. Баумана / Sad im. Baumana,"Moscow, SU",Бауманский,"55.766581, 37.659918",,2,500,summer cinema,
Сад Эрмитаж / Sad Ėrmitazh,"Moscow, SU",Свердловский,"55.77080510877408, 37.60954337553044",,1,689,summer cinema,
Смена / Smena,"Moscow, SU","Б. Грузинская, 51","55.771020990551925, 37.582989154099984	",,2,395,,
Спартак / Spartak,"Moscow, SU","ул. Чернышевского, 55","55.76354670647905, 37.6548476160702",,2,375,,
Таганский / Taganskiĭ,"Moscow, SU",Таганская пл. 12,"55.74038353434052, 37.654197842457705",,1,819,,
Таганский ПКиО / Taganskiĭ PKIO,"Moscow, SU",Ждановский р-н,"55.73785783551522, 37.67003941340802",,2,602,,
Театр киноактера / Teatr kinoaktera,"Moscow, SU","Воровского, 31","55.756905640786755, 37.58698523028461",,1,924,,
Уран / Uran,"Moscow, SU","Сретенка, 19","55.77040452282041, 37.63155372711536",,1,910,,
Форум / Forum,"Moscow, SU","Садово-Сухаревск., 14","55.773058432602916, 37.62740330442969",,1,1222,,
Хроника / Khronika,"Moscow, SU","Сретенка, 4","55.767124, 37.631820",,,266,newsreel,
Художественный / Khudozhestvennyĭ,"Moscow, SU",Арбатская пл. 14,"55.752369, 37.602139",,1,960,,
Центральный / Tsentral'nyĭ,"Moscow, SU","ул. Горького, 46","55.76592426048217, 37.60529052843362	",,1,810,,
ЦПКиО им. Горького / TSPKiO im. Gor'kogo,"Moscow, SU","Крымский вал, 9","55.73154109054722, 37.60327706944183",,1,810,summer cinema,
Шторм / Shtorm,"Moscow, SU","Русаковская, 1","55.78235111103543, 37.67006121362364	",,1,638,,
Экран жизни / Ėkran zhizni,"Moscow, SU","Садово-Каретная, 45","55.77342398078649, 37.611662769437814",,1,548,,
Экспресс / Ėkspress,"Moscow, SU","Цветной бульвар, 25","55.77321250837942, 37.620671571295084",,2,230,,
Юный зритель / IUnyĭ zritel',"Moscow, SU","Арбат, 39","55.74853398105157, 37.588827397745554	",,2,313,children,
1947,,,,,,,,
Главное управление кинофикации. Кинотеатры союзного подчинения / Glavnoe upravlenie kinofikatsii. Kinoteatry soiuznogo podchineniia,,,,,,,,
Cinema,City,Location,Coordinates,,Run,Seats,Comments,Source
Колизей / Kolizeĭ,"Moscow, SU",Чистые пруды 19-а,"55.761781, 37.645941",,1,1000,Union Cinema,RGALI. F. 2473. Op. 1. D. 345. L. 12.
Метрополь / Metropol',"Moscow, SU",Пл. Свердлова 2/4,"55.758448, 37.621669",,1,680,Union Cinema,RGALI. F. 2473. Op. 1. D. 345. L. 12.
Ударник / Udarnik,"Moscow, SU","ул. Серафимовича, 2","55.744450, 37.613072",,1,1587,Union Cinema,RGALI. F. 2473. Op. 1. D. 345. L. 12.
Управление кинофикации Мосгорисполкома / Upravlenie kinofikatsii Mosgorispolkoma,,,,,,,,
Cinema,City,Location,Coordinates,,Run,Seats ,Comments,Source
Авангард / Avangard,"Moscow, SU",Б. Якиманка,"55.731779, 37.611473",,1,489,,TCGAM. F. 265. Op. 1. D. 14. L. 73.
Аврора / Avrora,"Moscow, SU","ул. Чернышевского, 16","55.759157, 37.645708",,3,338,,TCGAM. F. 265. Op. 1. D. 14. L. 73.
Арс / Ars,"Moscow, SU","Арбат, 51","55.74806146601852, 37.58749976700312",,2,254,,TCGAM. F. 265. Op. 1. D. 14. L. 73.
Баррикады / Barrikady,"Moscow, SU","Баррикадная, 21","55.76064794396243, 37.579330860186516",,2,441,,TCGAM. F. 265. Op. 1. D. 14. L. 73.
Динамо / Dinamo,"Moscow, SU",Ленинградский,"55.79618060753062, 37.555168887144774",,1,553,,
Диск / Disk,"Moscow, SU","Марьинская ул, 23","55.809621, 37.634416",,3,216,,TCGAM. F. 265. Op. 1. D. 14. L. 73.
Заря / Zaria,"Moscow, SU",Пятницкая ул. 2,"55.745524, 37.626412",,3,261,,TCGAM. F. 265. Op. 1. D. 14. L. 73.
им. III Интернационала / im. III Internatsionala,"Moscow, SU","Спартаковская, 21","55.77323586956071, 37.67796359405088",,2,428,,TCGAM. F. 265. Op. 1. D. 14. L. 73.
Кадр / Kadr,"Moscow, SU","Плющиха, 11","55.744520, 37.579277	",,3,314,,TCGAM. F. 265. Op. 1. D. 14. L. 73.
Кинотеатр повторного фильма / Kinoteatr povtornogo fil'ma,"Moscow, SU","ул. Герцена, 23","55.757288, 37.599238	",,2,466,specialized,TCGAM. F. 265. Op. 1. D. 14. L. 73.
Луч / Luch,"Moscow, SU",Сокольнический округ,"55.791681890731304, 37.68025349659428	",,2,401,,TCGAM. F. 265. Op. 1. D. 14. L. 73.
Мир / Mir,"Moscow, SU","Сущевский вал, 18","55.792343570876206, 37.60394035824865",,2,351,,TCGAM. F. 265. Op. 1. D. 14. L. 73.
Молот / Molot,"Moscow, SU","Русаковская, 23","55.785928, 37.675828	",,2,411,,TCGAM. F. 265. Op. 1. D. 14. L. 73.
Москва / Moskva,"Moscow, SU","Пл. Маяковского, 1","55.769671725991564, 37.59471331716628",,1,,,
Наука и знание / Nauka i znanie,"Moscow, SU","Арбат, 2","55.752414, 37.599597	",,2,293,,TCGAM. F. 265. Op. 1. D. 14. L. 73.
Новости дня / Novosti dnia,"Moscow, SU",Тверской б. 33,"55.764289709486825, 37.60515729827925",,,280,newsreel,TCGAM. F. 265. Op. 1. D. 14. L. 73.
Октябрь / Oktiabr',"Moscow, SU","Шереметьевская, 19","55.79929647698802, 37.61501275297922	",,2,406,children,TCGAM. F. 265. Op. 1. D. 14. L. 73.
Орион / Orion,"Moscow, SU",Преображенская пл. 7,"55.795618, 37.708499	",,1,707,,TCGAM. F. 265. Op. 1. D. 14. L. 73.
Перекоп / Perekop,"Moscow, SU",Грохольский пер. 22,"55.777151, 37.638043	",,1,574,,TCGAM. F. 265. Op. 1. D. 14. L. 73.
ПКиО Сокольники / PKIO Sokol'niki,"Moscow, SU",Сокольнический,"55.792565, 37.677725",,1,,,
Родина / Rodina,"Moscow, SU",Семеновская пл. ,"55.781570, 37.717869	",,1,1231,,TCGAM. F. 265. Op. 1. D. 14. L. 73.
Сад Эрмитаж / Sad Ėrmitazh,"Moscow, SU",Свердловский,"55.77080510877408, 37.60954337553044",,1,689,summer cinema,
Салют / Salut,"Moscow, SU","Н. Масловка, 1/2","55.792065, 37.575222	",,1,346,,TCGAM. F. 265. Op. 1. D. 14. L. 73.
Смена / Smena,"Moscow, SU","Б. Грузинская, 51","55.771020990551925, 37.582989154099984	",,2,395,,TCGAM. F. 265. Op. 1. D. 14. L. 73.
Спартак / Spartak,"Moscow, SU","ул. Чернышевского, 55","55.76354670647905, 37.6548476160702",,2,375,,TCGAM. F. 265. Op. 1. D. 14. L. 73.
Стереокино / Stereokino,"Moscow, SU","пл. Свердлова, 1/8","55.76037895000343, 37.61916289759364",,,180,"stereoscopic, cinema is closed for repairs",
Таганский / Taganskiĭ,"Moscow, SU",Таганская пл. 12,"55.74038353434052, 37.654197842457705",,1,819,,TCGAM. F. 265. Op. 1. D. 14. L. 73.
Таганский ПКиО / Taganskiĭ PKIO,"Moscow, SU",Ждановский р-н,"55.73785783551522, 37.67003941340802",,2,602,,
Театр киноактера / Teatr kinoaktera,"Moscow, SU","Воровского, 31","55.756905640786755, 37.58698523028461",,1,924,,
Уран / Uran,"Moscow, SU","Сретенка, 19","55.77040452282041, 37.63155372711536",,1,910,,TCGAM. F. 265. Op. 1. D. 14. L. 73.
Форум / Forum,"Moscow, SU","Садово-Сухаревск., 14","55.773058432602916, 37.62740330442969",,1,1222,,TCGAM. F. 265. Op. 1. D. 14. L. 73.
Хроника / Khronika,"Moscow, SU","Сретенка, 4","55.767124, 37.631820",,,266,newsreel,TCGAM. F. 265. Op. 1. D. 14. L. 73.
Художественный / Khudozhestvennyĭ,"Moscow, SU",Арбатская пл. 14,"55.752369, 37.602139",,1,960,,TCGAM. F. 265. Op. 1. D. 14. L. 73.
Центральный / Tsentral'nyĭ,"Moscow, SU","ул. Горького, 46","55.76592426048217, 37.60529052843362	",,1,810,,TCGAM. F. 265. Op. 1. D. 14. L. 73.
ЦПКиО им. Горького / TSPKiO im. Gor'kogo,"Moscow, SU","Крымский вал, 9","55.73154109054722, 37.60327706944183",,1,810,summer cinema,The data on cinema's capacity and run is based on 1948 report.  The information about addreess is based on 1951 report
Шторм / Shtorm,"Moscow, SU","Русаковская, 1","55.78235111103543, 37.67006121362364	",,1,638,,TCGAM. F. 265. Op. 1. D. 14. L. 73.
Экран жизни / Ėkran zhizni,"Moscow, SU","Садово-Каретная, 45","55.77342398078649, 37.611662769437814",,1,548,,The data on cinema's capacity and run is based on 1948 report.  The information about addreess is based on 1951 report
Экспресс / Ėkspress,"Moscow, SU","Цветной бульвар, 25","55.77321250837942, 37.620671571295084",,2,230,,The data on cinema's capacity and run is based on 1948 report.  The information about addreess is based on 1951 report
Эрмитаж / Ėrmitazh,"Moscow, SU","Каретный ряд, 3","55.77035848488775, 37.60921074307702",,1,658/36,,The data on cinema's capacity and run is based on 1949 report. The information about addreess is based on 1951 report
Юный зритель / IUnyĭ zritel',"Moscow, SU","Арбат, 39","55.74853398105157, 37.588827397745554	",,2,313,children,TCGAM. F. 265. Op. 1. D. 14. L. 73.
1948,,,,,,,,
Cinema,City,Location,Coordinates,,Run,Seats,Comments,Source
Колизей / Kolizeĭ,"Moscow, SU",Чистые пруды 19-а,"55.761781, 37.645941",,1,1001,Union Cinema,RGALI. F. 2473. Op. 1. D. 399. L. 18; The data on cinema's address and run is based on 1953 report. 
Метрополь / Metropol',"Moscow, SU",Пл. Свердлова 2/4,"55.758448, 37.621669",,1,692,Union Cinema,RGALI. F. 2473. Op. 1. D. 399. L. 18; The data on cinema's address and run is based on 1953 report. 
Ударник / Udarnik,"Moscow, SU","ул. Серафимовича, 2","55.744450, 37.613072",,1,1587,Union Cinema,"RGALI. F. 2473. Op. 1. D. 399. L. 18; Tha data on cinema's address is based on Moskovskaia gorodskaia telefonnaia set'. Kratkiĭ telefonnyĭ spravochnik. Moskva : Upr. Mosk. gor. telefonnoy seti, 1955. Tha data on cinema's run is based on 1953 report."
Управление кинофикации Мосгорисполкома / Upravlenie kinofikatsii Mosgorispolkoma,,,,,,,,
Cinema,City,District,Coordinates,,Run,Seats ,Comments,Source
Авангард / Avangard,"Moscow, SU",Ленинский,"55.731779, 37.611473",,1,489,,TCGAM. F. 265. Op. 1. D. 17. L. 84
Аврора / Avrora,"Moscow, SU",Красногвардейский,"55.759157, 37.645708",,3,338,,TCGAM. F. 265. Op. 1. D. 17. L. 84
Аквариум / Akvarium,"Moscow, SU",Советский,"55.76749154922368, 37.59480267864476",,2,600,summer cinema,TCGAM. F. 265. Op. 1. D. 17. L. 84
Арс / Ars,"Moscow, SU",Киевский,"55.74806146601852, 37.58749976700312",,2,254,,TCGAM. F. 265. Op. 1. D. 17. L. 84
Баррикады / Barrikady,"Moscow, SU",Краснопресненский,"55.76064794396243, 37.579330860186516",,2,441,,TCGAM. F. 265. Op. 1. D. 17. L. 84
Дзержинский ПКиО / Dzerzhinskiĭ PKiO,"Moscow, SU",Дзержинский,"55.83032412781143, 37.61469840946716",,2,500,summer cinema,TCGAM. F. 265. Op. 1. D. 17. L. 84
Динамо / Dinamo,"Moscow, SU",Ленинградский,"55.79618060753062, 37.555168887144774",,1,553,,TCGAM. F. 265. Op. 1. D. 17. L. 84
Диск / Disk,"Moscow, SU",Щербаковский,"55.809621, 37.634416",,3,216,,TCGAM. F. 265. Op. 1. D. 17. L. 84
Заря / Zaria,"Moscow, SU",Москворецкий,"55.745524, 37.626412",,3,263,,TCGAM. F. 265. Op. 1. D. 17. L. 84
Измайловский ПКиО имени Сталина / Izmaĭlovskiĭ PKiO imeni Stalina,"Moscow, SU",Сталинский,"55.77299499453838, 37.76126878218039",,2,815,summer cinema,TCGAM. F. 265. Op. 1. D. 17. L. 84
им. III Интернационала / im. III Internatsionala,"Moscow, SU",Бауманский,"55.77323586956071, 37.67796359405088",,2,426,,TCGAM. F. 265. Op. 1. D. 17. L. 84
Искра / Iskra,"Moscow, SU",Тимирязевский,"55.81168032493068, 37.57701676520979",,3,210,,TCGAM. F. 265. Op. 1. D. 17. L. 84
Кадр / Kadr,"Moscow, SU",Киевский,"55.744520, 37.579277",,3,312,,TCGAM. F. 265. Op. 1. D. 17. L. 84
Кинозал короткометражного фильма / Kinozal korotkometrazhnogo fil'ma,"Moscow, SU",Свердловский,"55.757521, 37.616369",,,151,newsreel,TCGAM. F. 265. Op. 1. D. 17. L. 84
Кинотеатр повторного фильма / Kinoteatr povtornogo fil'ma,"Moscow, SU",Краснопресненский,"55.757288, 37.599238",,2,480,,TCGAM. F. 265. Op. 1. D. 17. L. 84
Луч / Luch,"Moscow, SU",Сокольнический,"55.791681890731304, 37.68025349659428",,2,403,,TCGAM. F. 265. Op. 1. D. 17. L. 84
Мир / Mir,"Moscow, SU",Октябрьский,"55.79283816599655, 37.59796976091867",,2,361,,TCGAM. F. 265. Op. 1. D. 17. L. 84
Молот / Molot,"Moscow, SU",Сокольнический,"55.785928, 37.675828",,2,411,,TCGAM. F. 265. Op. 1. D. 17. L. 84
Москва / Moskva,"Moscow, SU","Пл. Маяковского, 1","55.769671725991564, 37.59471331716628",,1,747,"Data on cinema's run is based on 1953 report, data on location is based on 1951 report, data in cinema's capacity is based on 1946 report",
Наука и знание / Nauka i znanie,"Moscow, SU",Киевский,"55.752414, 37.599597",,2,293,science films,TCGAM. F. 265. Op. 1. D. 17. L. 84
Новости дня / Novosti dnia,"Moscow, SU",Советский,"55.762386822142076, 37.602169862309225",,,280,newsreel,TCGAM. F. 265. Op. 1. D. 17. L. 84
Октябрь / Oktiabr',"Moscow, SU",Дзержинский,"55.79929647698802, 37.61501275297922",,2,406,for children,TCGAM. F. 265. Op. 1. D. 17. L. 84
Орион / Orion,"Moscow, SU",Сокольнический,"55.795618, 37.708499",,1,707,,TCGAM. F. 265. Op. 1. D. 17. L. 84
Перекоп / Perekop,"Moscow, SU",Щербаковский,"55.777151, 37.638043",,1,578,,TCGAM. F. 265. Op. 1. D. 17. L. 84
ПКиО Сокольники / PKiO Sokol'niki,"Moscow, SU",Сокольнический,"55.792565, 37.677725",,1,700,summer cinema,TCGAM. F. 265. Op. 1. D. 17. L. 84
Победа / Pobeda,"Moscow, SU",Ленинградский,,,1,649,,TCGAM. F. 265. Op. 1. D. 17. L. 84
Родина / Rodina,"Moscow, SU",Сталинский,"55.781570, 37.717869",,1,1270,,TCGAM. F. 265. Op. 1. D. 17. L. 84
Сад им. Баумана / Sad im. Baumana,"Moscow, SU",Бауманский,"55.766581, 37.659918",,2,500,summer cinema,TCGAM. F. 265. Op. 1. D. 17. L. 84
Сад Эрмитаж / Sad Ėrmitazh,"Moscow, SU",Свердловский,"55.77080510877408, 37.60954337553044",,1,689,summer cinema,TCGAM. F. 265. Op. 1. D. 17. L. 84
Салют / Saliut,"Moscow, SU",Октябрьский,"55.792065, 37.575222",,1,351,,TCGAM. F. 265. Op. 1. D. 17. L. 84
Смена / Smena,"Moscow, SU",Советский,"55.771020990551925, 37.582989154099984",,2,395,,TCGAM. F. 265. Op. 1. D. 17. L. 84
Спартак / Spartak,"Moscow, SU",Куйбышевский,"55.76354670647905, 37.6548476160702",,2,375,,TCGAM. F. 265. Op. 1. D. 17. L. 84
Стереокино / Stereokino,"Moscow, SU",Свердловский,"55.76037895000343, 37.61916289759364",,,186,stereofilms,TCGAM. F. 265. Op. 1. D. 17. L. 84
Таганский / Taganskiĭ,"Moscow, SU",Пролетарский,"55.74038353434052, 37.654197842457705",,1,819,,TCGAM. F. 265. Op. 1. D. 17. L. 84
Таганский ПКиО / Taganskiĭ PKIO,"Moscow, SU",Ждановский,"55.73776354041685, 37.669487798068026",,2,602,,TCGAM. F. 265. Op. 1. D. 17. L. 84
Уран / Uran,"Moscow, SU",Дзержинский,"55.77040452282041, 37.63155372711536",,1,910,,TCGAM. F. 265. Op. 1. D. 17. L. 84
Форум / Forum,"Moscow, SU",Дзержинский,"55.773058432602916, 37.62740330442969",,1,1222,,TCGAM. F. 265. Op. 1. D. 17. L. 84
Хроника / Khronika,"Moscow, SU",Щербаковский,"55.767124, 37.631820",,,267,newsreel,TCGAM. F. 265. Op. 1. D. 17. L. 84
Художественный / Khudozhestvennyĭ,"Moscow, SU",Киевский,"55.752369, 37.602139",,1,968,,TCGAM. F. 265. Op. 1. D. 17. L. 84
Центральный / Tsentral'nyĭ,"Moscow, SU",Свердловский,"55.76592426048217, 37.60529052843362",,1,814,,TCGAM. F. 265. Op. 1. D. 17. L. 84
ЦПКиО им. Горького / TSPKiO im. Gor'kogo,"Moscow, SU",Ленинский,"55.73154109054722, 37.60327706944183",,1,810,summer cinema,TCGAM. F. 265. Op. 1. D. 17. L. 84
Шторм / Shtorm,"Moscow, SU",Железнодорожный,"55.78235111103543, 37.67006121362364",,1,638,,TCGAM. F. 265. Op. 1. D. 17. L. 84
Экран жизни / Ėkran zhizni,"Moscow, SU",Коминтерновский,"55.77321250837942, 37.620671571295084",,1,548,,TCGAM. F. 265. Op. 1. D. 17. L. 84
Экспресс / Ėkspress,"Moscow, SU",Коминтерновский,"55.77035848488775, 37.60921074307702",,2,230,,TCGAM. F. 265. Op. 1. D. 17. L. 84
Юный зритель / IUnyĭ zritel',"Moscow, SU",Киевский,"55.74853398105157, 37.588827397745554",,2,313,for children,TCGAM. F. 265. Op. 1. D. 17. L. 84
Театр киноактера / Teatr kinoaktera,,,,,,,,
Cinema,City,Location,Coordinates,,Run,Seats ,Comments,Source
Театр киноактера / Teatr kinoaktera,"Moscow, SU","Воровского, 31","55.756905640786755, 37.58698523028461",,1,924,,RGALI. F. 2456. Op. 1. D. 2162. L. 31
1949,,,,,,,,
Главное управление кинофикации. Кинотеатры союзного подчинения / Glavnoe upravlenie kinofikatsii. Kinoteatry soiuznogo podchineniia,,,,,,,,
Cinema,City,Location,Coordinates,,Run,Seats,Comments,Source
Колизей / Kolizeĭ,"Moscow, SU",Чистые пруды 19-а,"55.761781, 37.645941",,1,904,Union Cinema,"The data on cinema's capacity, run and address is based on 1953 report. "
Метрополь / Metropol',"Moscow, SU",Пл. Свердлова 2/4,"55.758448, 37.621669",,1,757,Union Cinema,"The data on cinema's capacity, run and address is based on 1953 report. "
Ударник / Udarnik,"Moscow, SU","ул. Серафимовича, 2","55.744450, 37.613072",,1,1587,Union Cinema,"RGALI. F. 2473. Op. 1. D. 477. L. 62. Tha data on cinema's address is based on Moskovskaia gorodskaia telefonnaia set'. Kratkiĭ telefonnyĭ spravochnik. Moskva : Upr. Mosk. gor. telefonnoy seti, 1955. "
Управление кинофикации Мосгорисполкома / Upravlenie kinofikatsii Mosgorispolkoma,,,,,,,,
Cinema,City,District,Coordinates,,Run,Seats ,Comments,Source
Авангард / Avangard,"Moscow, SU",Ленинский,"55.731779, 37.611473",,1,489/26,,TCGAM. F. 265. Op. 1. D. 19. L. 85-87
Аврора / Avrora,"Moscow, SU",Красногвардейский,"55.759157, 37.645708",,3,338,,TCGAM. F. 265. Op. 1. D. 19. L. 85-87
Аквариум / Akvarium,"Moscow, SU",Советский,"55.76749154922368, 37.59480267864476",,2,732,summer cinema,TCGAM. F. 265. Op. 1. D. 19. L. 85-87
Арс / Ars,"Moscow, SU",Киевский,"55.74806146601852, 37.58749976700312",,2,254/19,,TCGAM. F. 265. Op. 1. D. 19. L. 85-87
Баррикады / Barrikady,"Moscow, SU",Краснопресненский,"55.76064794396243, 37.579330860186516",,2,409/42,,TCGAM. F. 265. Op. 1. D. 19. L. 85-87
Дзержинский ПКиО / Dzerzhinskiĭ PKiO,"Moscow, SU",Щербаковский,"55.83032412781143, 37.61469840946716",,2,440,summer cinema,TCGAM. F. 265. Op. 1. D. 19. L. 85-87
Динамо / Dinamo,"Moscow, SU",Ленинградский,"55.79618060753062, 37.555168887144774",,1,553/25,,TCGAM. F. 265. Op. 1. D. 19. L. 85-87
Диск / Disk,"Moscow, SU",Щербаковский,"55.809621, 37.634416",,3,216,,TCGAM. F. 265. Op. 1. D. 19. L. 85-87
Ждановский ПКиО (Таганский ПКиО) / Zhdanovskiĭ PKiO (Taganskiĭ PKiO),"Moscow, SU",Ждановский,"55.739207, 37.667761",,2,633,,TCGAM. F. 265. Op. 1. D. 19. L. 85-87
Заря / Zaria,"Moscow, SU",Москворецкий,"55.745524, 37.626412",,3,263,,TCGAM. F. 265. Op. 1. D. 19. L. 85-87
Измайловский ПКиО имени Сталина / Izmaĭlovskiĭ PKiO imeni Stalina,"Moscow, SU",Сталинский,"55.77299499453838, 37.76126878218039",,2,815,summer cinema,TCGAM. F. 265. Op. 1. D. 19. L. 85-87
им. III Интернационала / im. III Internatsionala,"Moscow, SU",Бауманский,"55.77323586956071, 37.67796359405088",,2,431/30,,TCGAM. F. 265. Op. 1. D. 19. L. 85-87
Искра / Iskra,"Moscow, SU",Тимирязевский,"55.81168032493068, 37.57701676520979",,3,210,,TCGAM. F. 265. Op. 1. D. 19. L. 85-87
Кадр / Kadr,"Moscow, SU",Киевский,"55.744520, 37.579277",,3,213/10,,TCGAM. F. 265. Op. 1. D. 19. L. 85-87
Кинозал короткометражного фильма / Kinozal korotkometrazhnogo fil'ma,"Moscow, SU",Свердловский,"55.757521, 37.616369",,,151,newsreel,TCGAM. F. 265. Op. 1. D. 19. L. 85-87
Кинотеатр повторного фильма / Kinoteatr povtornogo fil'ma,"Moscow, SU",Краснопресненский,"55.757288, 37.599238",,2,466/14,,TCGAM. F. 265. Op. 1. D. 19. L. 85-87
Красная Пресня / Krasnaia Presnia,"Moscow, SU",Краснопресненский,"55.75519658574544, 37.557861177072844",,3,168,,TCGAM. F. 265. Op. 1. D. 19. L. 85-87
Луч / Luch,"Moscow, SU",Сокольнический,"55.791681890731304, 37.68025349659428",,2,403/16,,TCGAM. F. 265. Op. 1. D. 19. L. 85-87
Мир / Mir,"Moscow, SU",Октябрьский,"55.79283816599655, 37.59796976091867",,2,338/24,,TCGAM. F. 265. Op. 1. D. 19. L. 85-87
Молот / Molot,"Moscow, SU",Сокольнический,"55.785928, 37.675828",,2,411/33,,TCGAM. F. 265. Op. 1. D. 19. L. 85-87
Москва / Moskva,"Moscow, SU","Пл. Маяковского, 1","55.769671725991564, 37.59471331716628",,1,747,"Data on cinema's run is based on 1953 report, data on location is based on 1951 report, data in cinema's capacity is based on 1946 report",
Наука и знание / Nauka i znanie,"Moscow, SU",Киевский,"55.752414, 37.599597",,2,293/30,scientific movie,TCGAM. F. 265. Op. 1. D. 19. L. 85-87
Новости дня / Novosti dnia,"Moscow, SU",Советский,"55.762386822142076, 37.602169862309225",,,258/22,newsreel,TCGAM. F. 265. Op. 1. D. 19. L. 85-87
Октябрь / Oktiabr',"Moscow, SU",Дзержинский,"55.79929647698802, 37.61501275297922",,2,406/30,for children,TCGAM. F. 265. Op. 1. D. 19. L. 85-87
Орион / Orion,"Moscow, SU",Сокольнический,"55.795618, 37.708499",,1,767/30,,TCGAM. F. 265. Op. 1. D. 19. L. 85-87
Перекоп / Perekop,"Moscow, SU",Щербаковский,"55.777151, 37.638043",,1,578,,TCGAM. F. 265. Op. 1. D. 19. L. 85-87
Открытый кинотеатр (Усачёвский сквер) / Otkrytyĭ kinoteatr (Usachëvskiī skver),"Moscow, SU",Фрунзенский,"55.724584197535705, 37.56102498972425",,3,678,summer cinema,TCGAM. F. 265. Op. 1. D. 19. L. 85-87
Открытый кинотеатр в парке им. Воровского / Otkrytyĭ kinoteatr v parke im. Vorovskogo,"Moscow, SU",Тимирязевский,"55.81946149407082, 37.50539195493388",,3,588,summer cinema,TCGAM. F. 265. Op. 1. D. 19. L. 85-87
ПКиО Сокольники / PKiO Sokol'niki,"Moscow, SU",Сокольнический,"55.792565, 37.677725",,1,700,summer cinema,TCGAM. F. 265. Op. 1. D. 19. L. 85-87
Победа / Pobeda,"Moscow, SU",Ленинградский,,,1,770,,TCGAM. F. 265. Op. 1. D. 19. L. 85-87
Призыв / Prizyv,"Moscow, SU",Киевский,"55.717432889661616, 37.4076118136208",,1,376/10,,TCGAM. F. 265. Op. 1. D. 19. L. 85-87
Родина / Rodina,"Moscow, SU",Сталинский,"55.781570, 37.717869",,1,1270/48,,TCGAM. F. 265. Op. 1. D. 19. L. 85-87
Сад им. Баумана / Sad im. Baumana,"Moscow, SU",Бауманский,"55.766581, 37.659918",,2,654,summer cinema,TCGAM. F. 265. Op. 1. D. 19. L. 85-87
Сад Эрмитаж / Sad Ėrmitazh,"Moscow, SU",Свердловский,"55.77080510877408, 37.60954337553044",,1,413/15,summer cinema,TCGAM. F. 265. Op. 1. D. 19. L. 85-87
Салют / Salut,"Moscow, SU",Октябрьский,"55.792065, 37.575222",,1,628/13,,TCGAM. F. 265. Op. 1. D. 19. L. 85-87
Смена / Smena,"Moscow, SU",Советский,"55.771020990551925, 37.582989154099984",,2,395/35,,TCGAM. F. 265. Op. 1. D. 19. L. 85-87
Спартак / Spartak,"Moscow, SU",Куйбышевский,"55.76354670647905, 37.6548476160702",,2,355/20,,TCGAM. F. 265. Op. 1. D. 19. L. 85-87
Стереокино / Stereokino,"Moscow, SU",Свердловский,"55.76037895000343, 37.61916289759364",,,166,stereo cinema,TCGAM. F. 265. Op. 1. D. 19. L. 85-87
Таганский / Taganskiĭ,"Moscow, SU",Пролетарский,"55.74038353434052, 37.654197842457705",,1,809/70,,TCGAM. F. 265. Op. 1. D. 19. L. 85-87
Уран / Uran,"Moscow, SU",Дзержинский,"55.77040452282041, 37.63155372711536",,1,910/78,,TCGAM. F. 265. Op. 1. D. 19. L. 85-87
Форум / Forum,"Moscow, SU",Дзержинский,"55.773058432602916, 37.62740330442969",,1,1222/63,,TCGAM. F. 265. Op. 1. D. 19. L. 85-87
Хроника / Khronika,"Moscow, SU",Щербаковский,"55.767124, 37.631820",,,267/35,newsreel,TCGAM. F. 265. Op. 1. D. 19. L. 85-87
Художественный / Khudozhestvennyĭ,"Moscow, SU",Киевский,"55.752369, 37.602139",,1,968/50,,TCGAM. F. 265. Op. 1. D. 19. L. 85-87
Центральный / Tsentral'nyĭ,"Moscow, SU",Свердловский,"55.76592426048217, 37.60529052843362",,1,814/44,,TCGAM. F. 265. Op. 1. D. 19. L. 85-87
ЦПКиО им. Горького / TSPKiO im. Gor'kogo,"Moscow, SU",Ленинский,"55.73154109054722, 37.60327706944183",,1,810,summer cinema,TCGAM. F. 265. Op. 1. D. 19. L. 85-87
Шторм / Shtorm,"Moscow, SU",Железнодорожный,"55.78235111103543, 37.67006121362364",,1,658/40,,TCGAM. F. 265. Op. 1. D. 19. L. 85-87
Экран жизни / Ėkran zhizni,"Moscow, SU",Коминтерновский,"55.77342398078649, 37.611662769437814",,1,569,,TCGAM. F. 265. Op. 1. D. 19. L. 85-87
Экспресс / Ėkspress,"Moscow, SU",Коминтерновский,"55.77321250837942, 37.620671571295084",,2,237/18,,TCGAM. F. 265. Op. 1. D. 19. L. 85-87
Эрмитаж / Ėrmitazh,"Moscow, SU",Свердловский,"55.77035848488775, 37.60921074307702",,1,658/36,,TCGAM. F. 265. Op. 1. D. 19. L. 85-87
Юный зритель / IUnyĭ zritel',"Moscow, SU",Киевский,"55.74853398105157, 37.588827397745554",,2,340/21,for children,TCGAM. F. 265. Op. 1. D. 19. L. 85-87
Театр киноактера / Teatr kinoaktera,,,,,,,,
Cinema,City,Location,Coordinates,,Run,Seats ,Comments,Source
Театр киноактера / Teatr kinoaktera,,,,,,,,
Main Venue,"Moscow, SU","Воровского, 31","55.756905640786755, 37.58698523028461",,1,924,,RGALI. F. 2456. Op. 1. D. 2600. L. 26
Blue Venue,"Moscow, SU","Воровского, 31","55.756905640786755, 37.58698523028461",,1,196,,RGALI. F. 2456. Op. 1. D. 2600. L. 26
1950,,,,,,,,
Главное управление кинофикации. Кинотеатры союзного подчинения / Glavnoe upravlenie kinofikatsii. Kinoteatry soiuznogo podchineniia,,,,,,,,
Cinema,City,Location,Coordinates,,Run,Seats,Comments,Source
Колизей / Kolizeĭ,"Moscow, SU",Чистые пруды 19-а,"55.761781, 37.645941",,1,904,Union Cinema,"The data on cinema's capacity, run and address is based on 1953 report. "
Метрополь / Metropol',"Moscow, SU",Пл. Свердлова 2/4,"55.758448, 37.621669",,1,757,Union Cinema,"The data on cinema's capacity, run and address is based on 1953 report. "
Ударник / Udarnik,"Moscow, SU","ул. Серафимовича, 2","55.744450, 37.613072",,1,1587,Union Cinema,"RGALI. F. 2473. Op. 1. D. 507. L. 6. Tha data on cinema's address is based on Moskovskaia gorodskaia telefonnaia set'. Kratkiĭ telefonnyĭ spravochnik. Moskva : Upr. Mosk. gor. telefonnoy seti, 1955. Tha data on cinema's run is based on 1953 report."
Управление кинофикации Мосгорисполкома / Upravlenie kinofikatsii Mosgorispolkoma,,,,,,,,
Cinema,City,District,Coordinates,,Run,Seats ,Comments,Source
Авангард / Avangard,"Moscow, SU",Ленинский,"55.731779, 37.611473",,1,515,"Data on cinema's run, district and capacity is based on 1949 report",
Аврора / Avrora,"Moscow, SU",Красногвардейский,"55.759157, 37.645708",,3,338,"Data on cinema's run, district and capacity is based on 1949 report",
Аквариум / Akvarium,"Moscow, SU",Советский,"55.76749154922368, 37.59480267864476",,2,732,"summer cinema, Data on cinema's run, district and capacity is based on 1949 report",
Арс / Ars,"Moscow, SU",Киевский,"55.74806146601852, 37.58749976700312",,2,271,"Data on cinema's run, district and capacity is based on 1949 report",
Баррикады / Barrikady,"Moscow, SU",Краснопресненский,"55.76064794396243, 37.579330860186516",,2,455,"Data on cinema's run, district and capacity is based on 1949 report",
Динамо / Dinamo,"Moscow, SU",Ленинградский,"55.79618060753062, 37.555168887144774",,1,560,"Data on cinema's run, district and capacity is based on 1949 report",
Диск / Disk,"Moscow, SU",Щербаковский,"55.809621, 37.634416",,3,216,"Data on cinema's run, district and capacity is based on 1949 report",
Ждановский ПКиО / Zhdanovskiĭ PKiO ,"Moscow, SU",Ждановский,"55.739207, 37.667761",,2,596,"Data on cinema's run, district and capacity is based on 1949 report",
Заря / Zaria,"Moscow, SU",Москворецкий,"55.745524, 37.626412",,3,262,"Data on cinema's run, district and capacity is based on 1949 report",
Измайловский ПКиО имени Сталина / Izmaĭlovskiĭ PKiO imeni Stalina,"Moscow, SU",Сталинский,"55.77299499453838, 37.76126878218039",,2,815,"summer cinema, Data on cinema's run, district and capacity is based on 1949 report",
им. Моссовета / im. Mossoveta,"Moscow, SU","Лужниковская, 27","55.716276142721824, 37.5739001982771",,1,705,Data on cinema's run and location is based on 1953 report,TCGAM. F. 265. Op. 1. D. 21. L. 5.
им. III Интернационала / im. III Internatsionala,"Moscow, SU",Бауманский,"55.77323586956071, 37.67796359405088",,2,455,"Data on cinema's run, district and capacity is based on 1949 report",
Искра / Iskra,"Moscow, SU",Тимирязевский,"55.81168032493068, 37.57701676520979",,3,210,"Data on cinema's run, district and capacity is based on 1949 report",
Кадр / Kadr,"Moscow, SU",Киевский,"55.744520, 37.579277",,3,325,"Data on cinema's run, district and capacity is based on 1949 report",
Кинозал короткометражного фильма / Kinozal korotkometrazhnogo fil'ma,"Moscow, SU",Свердловский,"55.757521, 37.616369",,,151,"Newsreel, on a balance sheet with Stereokino. Data on cinema's run, district and capacity is based on 1949 report",
Кинотеатр повторного фильма / Kinoteatr povtornogo fil'ma,"Moscow, SU",Краснопресненский,"55.757288, 37.599238",,2,480,"Data on cinema's run, district and capacity is based on 1949 report",
Луч / Luch,"Moscow, SU",Сокольнический,"55.791681890731304, 37.68025349659428",,2,419,"Data on cinema's run, district and capacity is based on 1949 report",
"Маяк 2-х зальный / Maiak, 2 venues","Moscow, SU","Дубровский проезд, 4","55.72449012452377, 37.664848882933924",,1,306,"Data on cinema's run, district and capacity is based on 1949 report",
Мир / Mir,"Moscow, SU",Октябрьский,"55.79283816599655, 37.59796976091867",,2,362,"Data on cinema's run, district and capacity is based on 1949 report",
Молот / Molot,"Moscow, SU",Сокольнический,"55.785928, 37.675828",,2,444,"Data on cinema's run, district and capacity is based on 1949 report",
Москва / Moskva,"Moscow, SU","Пл. Маяковского, 1","55.769671725991564, 37.59471331716628",,1,800,"Data on cinema's run is based on 1953 report, while data on location and capacity is based on 1951 report",
Наука и знание / Nauka i znanie,"Moscow, SU",Киевский,"55.752414, 37.599597",,2,323,"Data on cinema's run, district and capacity is based on 1949 report",
Новости дня / Novosti dnia,"Moscow, SU",Советский,"55.762386822142076, 37.602169862309225",,,272,"Newsreel, Data on cinema's run, district and capacity is based on 1949 report",
Октябрь / Oktiabr',"Moscow, SU",Дзержинский,"55.79929647698802, 37.61501275297922",,2,436,"Data on cinema's run, district and capacity is based on 1949 report",
Орион / Orion,"Moscow, SU",Сокольнический,"55.795618, 37.708499",,1,701,"Data on cinema's run, district and capacity is based on 1949 report",
Перекоп / Perekop,"Moscow, SU",Щербаковский,"55.777151, 37.638043",,1,584,"Data on cinema's run, district and capacity is based on 1949 report",
ПКиО Сокольники / PKIO Sokol'niki,"Moscow, SU",Сокольнический,"55.792565, 37.677725",,1,700,"summer cinema, Data on cinema's run, district and capacity is based on 1949 report",
Призыв / Prizyv,"Moscow, SU",Киевский,"55.717432889661616, 37.4076118136208",,1,386,"Data on cinema's run, district and capacity is based on 1949 report",
"Родина 2-х зальный / Rodina, 2 venues","Moscow, SU",Сталинский,"55.781570, 37.717869",,1,1318,"Data on cinema's run, district and capacity is based on 1949 report",
"Салют 2-х зальный / Saliut, 2 venues","Moscow, SU",Октябрьский,"55.792065, 37.575222",,1,655,"Data on cinema's run, district and capacity is based on 1949 report",
Смена / Smena,"Moscow, SU",Советский,"55.771020990551925, 37.582989154099984",,2,430,"Data on cinema's run, district and capacity is based on 1949 report",
Спартак / Spartak,"Moscow, SU",Куйбышевский,"55.76354670647905, 37.6548476160702",,2,376,"Data on cinema's run, district and capacity is based on 1949 report",
Стереокино / Stereokino,"Moscow, SU",Свердловский,"55.76037895000343, 37.61916289759364",,,166,"stereofilms, Data on cinema's run, district and capacity is based on 1949 report",
Таганский / Taganskiĭ,"Moscow, SU",Пролетарский,"55.74038353434052, 37.654197842457705",,1,879,"Data on cinema's run, district and capacity is based on 1949 report",
Театр киноактера / Teatr kinoaktera,"Moscow, SU","ул. Воровского, 31","55.756832, 37.586203",,1,924,"Data on cinema's run, district and capacity is based on 1949 report",
Уран / Uran,"Moscow, SU",Дзержинский,"55.77040452282041, 37.63155372711536",,1,984,"Data on cinema's run, district and capacity is based on 1949 report",
Форум / Forum,"Moscow, SU",Дзержинский,"55.773058432602916, 37.62740330442969",,1,1285,"Data on cinema's run, district and capacity is based on 1949 report",
Хроника / Khronika,"Moscow, SU",Щербаковский,"55.767124, 37.631820",,,296,"newsreels, Data on cinema's run, district and capacity is based on 1949 report",
Художественный / Khudozhestvennyĭ,"Moscow, SU",Киевский,"55.752369, 37.602139",,1,1020,"Data on cinema's run, district and capacity is based on 1949 report",
Центральный / Tsentral'nyĭ,"Moscow, SU",Свердловский,"55.76592426048217, 37.60529052843362",,1,855,"Data on cinema's run, district and capacity is based on 1949 report",
ЦПКиО им. Горького / TSPKiO im. Gor'kogo,"Moscow, SU",Ленинский,"55.73154109054722, 37.60327706944183",,1,757,"summer cinema, Data on cinema's run, district and capacity is based on 1949 report",
Шторм / Shtorm,"Moscow, SU",Железнодорожный,"55.78235111103543, 37.67006121362364",,1,678,"Data on cinema's run, district and capacity is based on 1949 report",
Экран жизни / Ėkran zhizni,"Moscow, SU",Коминтерновский,"55.77342398078649, 37.611662769437814",,1,569,"Data on cinema's run, district and capacity is based on 1949 report",
Экспресс / Ėkspress,"Moscow, SU",Коминтерновский,"55.77321250837942, 37.620671571295084",,2,262,"Data on cinema's run, district and capacity is based on 1949 report",
Эрмитаж / Ėrmitazh,"Moscow, SU",Свердловский,"55.77035848488775, 37.60921074307702",,1,704,"Data on cinema's run, district and capacity is based on 1949 report",
Юный зритель / IUnyĭ zritel',"Moscow, SU",Киевский,"55.74853398105157, 37.588827397745554",,2,361,"Data on cinema's run, district and capacity is based on 1949 report",
1951,,,,,,,,
Главное управление кинофикации. Кинотеатры союзного подчинения / Glavnoe upravlenie kinofikatsii. Kinoteatry soiuznogo podchineniia,,,,,,,,
Cinema,City,Location,Coordinates,,Run,Seats,Comments,Source
Колизей / Kolizeĭ,"Moscow, SU",Чистые пруды 19-а,"55.761781, 37.645941",,1,904,Union Cinema,"The data on cinema's capacity, run and address is based on 1953 report. "
Метрополь / Metropol',"Moscow, SU",Пл. Свердлова 2/4,"55.758448, 37.621669",,1,757,Union Cinema,"The data on cinema's capacity, run and address is based on 1953 report. "
Ударник / Udarnik,"Moscow, SU","ул. Серафимовича, 2","55.744450, 37.613072",,1,1587,Union Cinema,"The data on cinema's capacity is based on 1950 report. Tha data on cinema's address is based on Moskovskaia gorodskaia telefonnaia set'. Kratkiĭ telefonnyĭ spravochnik. Moskva : Upr. Mosk. gor. telefonnoy seti, 1955. Tha data on cinema's run is based on 1953 report."
Управление кинофикации Мосгорисполкома / Upravlenie kinofikatsii Mosgorispolkoma,,,,,,,,
Cinema,City,Location,Coordinates,,Run,Seats ,Comments,Source
Авангард / Avangard,"Moscow, SU",Б. Якиманка,"55.731779, 37.611473",,1,515,Data on cinema's run is based on 1949 report,TCGAM. F. 265. Op. 1. D. 23. L. 64.
Аврора / Avrora,"Moscow, SU","Чернышевского, 16","55.759157, 37.645708",,3,338,Data on cinema's run is based on 1949 report,TCGAM. F. 265. Op. 1. D. 23. L. 64.
Аквариум / Akvarium,"Moscow, SU","Б. Садовая, 14","55.76749154922368, 37.59480267864476",,2,732,"summer cinema, Data on cinema's run is based on 1949 report",TCGAM. F. 265. Op. 1. D. 23. L. 64.
Арс / Ars,"Moscow, SU","Арбат, 51","55.74806146601852, 37.58749976700312",,2,271,Data on cinema's run is based on 1949 report,TCGAM. F. 265. Op. 1. D. 23. L. 64.
Баррикады / Barrikady,"Moscow, SU","Баррикадная, 21","55.76064794396243, 37.579330860186516",,2,455,Data on cinema's run is based on 1949 report,TCGAM. F. 265. Op. 1. D. 23. L. 64.
ВСХВ большой зал / VSKHV bol'shoī zal,"Moscow, SU",Территория ВСХВ,"55.831674872324214, 37.63130193594137",,1,740,"summer cinema, Data on cinema's run is based on 1949 report",TCGAM. F. 265. Op. 1. D. 23. L. 64.
ВСХВ малый зал / VSKHV malyī zal,"Moscow, SU",Территория ВСХВ,"55.831674872324214, 37.63130193594137",,2,504,"summer cinema, Data on cinema's run is based on 1949 report",TCGAM. F. 265. Op. 1. D. 23. L. 64.
Дзержинский ПКиО / Dzerzhinskiĭ PKiO,"Moscow, SU","Останкинская, 7","55.83032412781143, 37.61469840946716",,2,648,"summer cinema, Data on cinema's run is based on 1949 report",TCGAM. F. 265. Op. 1. D. 23. L. 64.
Динамо / Dinamo,"Moscow, SU",Петровский парк,"55.79618060753062, 37.555168887144774",,1,560,Data on cinema's run is based on 1949 report,TCGAM. F. 265. Op. 1. D. 23. L. 64.
Диск / Disk,"Moscow, SU",Марьинская ул. 23,"55.809621, 37.634416",,3,216,Data on cinema's run is based on 1949 report,TCGAM. F. 265. Op. 1. D. 23. L. 64.
Ждановский ПКиО / Zhdanovskiĭ PKiO ,"Moscow, SU","Таганская ул., 40/42","55.739207, 37.667761",,2,596,Data on cinema's run is based on 1949 report,TCGAM. F. 265. Op. 1. D. 23. L. 64.
Заря / Zaria,"Moscow, SU",Пятницкая ул.,"55.745524, 37.626412",,3,262,Data on cinema's run is based on 1949 report,TCGAM. F. 265. Op. 1. D. 23. L. 64.
им. Моссовета / im. Mossoveta,"Moscow, SU","Лужниковская, 27","55.716276142721824, 37.5739001982771",,1,705,Data on cinema's run is based on 1953 report,TCGAM. F. 265. Op. 1. D. 23. L. 64.
им. III Интернационала / im. III Internatsionala,"Moscow, SU","Спартаковская, 21","55.77323586956071, 37.67796359405088",,2,455,Data on cinema's run is based on 1949 report,TCGAM. F. 265. Op. 1. D. 23. L. 64.
Искра / Iskra,"Moscow, SU","Дмитровское шоссе, 3/а","55.81168032493068, 37.57701676520979",,3,210,Data on cinema's run is based on 1949 report,TCGAM. F. 265. Op. 1. D. 23. L. 64.
Кадр / Kadr,"Moscow, SU","Плющиха, 11","55.744520, 37.579277",,3,325,Data on cinema's run is based on 1949 report,TCGAM. F. 265. Op. 1. D. 23. L. 64.
Кинозал короткометражного фильма / Kinozal korotkometrazhnogo fil'ma,"Moscow, SU","Охотный ряд, 6","55.757521, 37.616369",,,151,"newsreel, on a balance sheet with Stereokino. Data on cinema's run is based on 1949 report",TCGAM. F. 265. Op. 1. D. 23. L. 65.
Кинотеатр повторного фильма / Kinoteatr povtornogo fil'ma,"Moscow, SU","Герцена, 23","55.757288, 37.599238",,2,480,Data on cinema's run is based on 1949 report,TCGAM. F. 265. Op. 1. D. 23. L. 64.
Красная Пресня / Krasnaia Presnia,"Moscow, SU","Мантулинская, 5","55.75519658574544, 37.557861177072844",,3,185,Data on cinema's run is based on 1949 report,TCGAM. F. 265. Op. 1. D. 23. L. 64.
Луч / Luch,"Moscow, SU",Сокольнический округ,"55.791681890731304, 37.68025349659428",,2,419,Data on cinema's run is based on 1949 report,TCGAM. F. 265. Op. 1. D. 23. L. 64.
"Маяк 2-х зальный / Maiak, 2 venues","Moscow, SU","Дубровский проезд, 4","55.72449012452377, 37.664848882933924",,1,306,Data on cinema's run is based on 1949 report,TCGAM. F. 265. Op. 1. D. 23. L. 64.
Мир / Mir,"Moscow, SU","Сущевский вал, 15","55.79283816599655, 37.59796976091867",,2,362,Data on cinema's run is based on 1949 report,TCGAM. F. 265. Op. 1. D. 23. L. 64.
Молот / Molot,"Moscow, SU","Русаковская, 23","55.785928, 37.675828",,2,444,Data on cinema's run is based on 1949 report,TCGAM. F. 265. Op. 1. D. 23. L. 64.
Москва / Moskva,"Moscow, SU","Пл. Маяковского, 1","55.769671725991564, 37.59471331716628",,1,800,Data on cinema's run is based on 1953 report,TCGAM. F. 265. Op. 1. D. 23. L. 64.
Наука и знание / Nauka i znanie,"Moscow, SU","Арбат, 2","55.752414, 37.599597",,2,323,Data on cinema's run is based on 1949 report,TCGAM. F. 265. Op. 1. D. 23. L. 65.
Новости дня / Novosti dnia,"Moscow, SU","Тверской бульвар, 23","55.762386822142076, 37.602169862309225",,,272,"newsreels, Data on cinema's run is based on 1949 report",TCGAM. F. 265. Op. 1. D. 23. L. 65.
Октябрь / Oktiabr',"Moscow, SU","Шереметьевская, 19","55.79929647698802, 37.61501275297922",,2,436,Data on cinema's run is based on 1949 report,TCGAM. F. 265. Op. 1. D. 23. L. 64.
Орион / Orion,"Moscow, SU","Преображенская пл., 7","55.795618, 37.708499",,1,701,Data on cinema's run is based on 1949 report,TCGAM. F. 265. Op. 1. D. 23. L. 64.
Открытый кинотеатр (Усачёвский сквер) / Otkrytyĭ kinoteatr (Usachëvskiī skver),"Moscow, SU",Усачёвский сквер,"55.724584197535705, 37.56102498972425",,3,670,"summer cinema, Data on cinema's run is based on 1949 report",TCGAM. F. 265. Op. 1. D. 23. L. 64.
Открытый кинотеатр в парке им. Воровского / Otkrytyĭ kinoteatr v parke im. Vorovskogo,"Moscow, SU","Ленинградское шоссе, 244","55.81946149407082, 37.50539195493388",,3,588,"summer cinema, Data on cinema's run is based on 1949 report",TCGAM. F. 265. Op. 1. D. 23. L. 64.
Перекоп / Perekop,"Moscow, SU","Грохольский пер., 22","55.777151, 37.638043",,1,584,Data on cinema's run is based on 1949 report,TCGAM. F. 265. Op. 1. D. 23. L. 64.
ПКиО Сокольники / PKIO Sokol'niki,"Moscow, SU",Сокольнический круг,"55.792565, 37.677725",,1,700,"summer cinema, Data on cinema's run is based on 1949 report",TCGAM. F. 265. Op. 1. D. 23. L. 65.
Призыв / Prizyv,"Moscow, SU",Можайское шоссе 47/51,"55.717432889661616, 37.4076118136208",,1,386,Data on cinema's run is based on 1949 report,TCGAM. F. 265. Op. 1. D. 23. L. 64.
"Родина 2-х зальный / Rodina, 2 venues","Moscow, SU",Семеновская пл.,"55.781570, 37.717869",,1,1318,Data on cinema's run is based on 1949 report,TCGAM. F. 265. Op. 1. D. 23. L. 64.
Сад им. Баумана / Sad im. Baumana,"Moscow, SU","ул. Карла Маркса или Ново-Басманная, 18","55.766581, 37.659918",,2,654,"summer cinema, Data on cinema's run is based on 1949 report",TCGAM. F. 265. Op. 1. D. 23. L. 64.
Сад Эрмитаж / Sad Ėrmitazh,"Moscow, SU","Каретный ряд, 3","55.77080510877408, 37.60954337553044",,1,428,"summer cinema, on a balance sheet with Ėrmitazh, Data on cinema's run is based on 1949 report",TCGAM. F. 265. Op. 1. D. 23. L. 64.
"Салют 2-х зальный / Saliut, 2 venues","Moscow, SU","Нижняя Масловка, 1/2","55.792065, 37.575222",,1,655,Data on cinema's run is based on 1949 report,TCGAM. F. 265. Op. 1. D. 23. L. 64.
Смена / Smena,"Moscow, SU","Б. Грузинская, 51","55.771020990551925, 37.582989154099984",,2,430,Data on cinema's run is based on 1949 report,TCGAM. F. 265. Op. 1. D. 23. L. 64.
Спартак / Spartak,"Moscow, SU","Чернышевского, 55","55.76354670647905, 37.6548476160702",,2,376,Data on cinema's run is based on 1949 report,TCGAM. F. 265. Op. 1. D. 23. L. 64.
Стереокино / Stereokino,"Moscow, SU","Пл Свердлова, 1/8","55.76037895000343, 37.61916289759364",,,166,"stereofilms, Data on cinema's run is based on 1949 report",TCGAM. F. 265. Op. 1. D. 23. L. 65.
Таганский / Taganskiĭ,"Moscow, SU",Таганская пл. 12,"55.74038353434052, 37.654197842457705",,1,879,Data on cinema's run is based on 1949 report,TCGAM. F. 265. Op. 1. D. 23. L. 64.
Театр киноактера / Teatr kinoaktera,"Moscow, SU","ул. Воровского, 31","55.756832, 37.586203",,1,924,Data on cinema's run is based on 1949 report,"Information on cinema's address is based on Moskovskaia gorodskaia telefonnaia set'. Kratkiĭ telefonnyĭ spravochnik. Moskva : Upr. Mosk. gor. telefonnoy seti, 1955."
Уран / Uran,"Moscow, SU","Сретенка,19","55.77040452282041, 37.63155372711536",,1,984,Data on cinema's run is based on 1949 report,TCGAM. F. 265. Op. 1. D. 23. L. 64.
Форум / Forum,"Moscow, SU","Садово-Сухаревская, 14","55.773058432602916, 37.62740330442969",,1,1285,Data on cinema's run is based on 1949 report,TCGAM. F. 265. Op. 1. D. 23. L. 64.
Хроника / Khronika,"Moscow, SU","Сретенка, 4","55.767124, 37.631820",,,296,Data on cinema's run is based on 1949 report,TCGAM. F. 265. Op. 1. D. 23. L. 65.
Художественный / Khudozhestvennyĭ,"Moscow, SU","Арбатская пл., 14","55.752369, 37.602139",,1,1020,Data on cinema's run is based on 1949 report,TCGAM. F. 265. Op. 1. D. 23. L. 64.
Центральный / Tsentral'nyĭ,"Moscow, SU","Горького, 18-а","55.76592426048217, 37.60529052843362",,1,855,Data on cinema's run is based on 1949 report,TCGAM. F. 265. Op. 1. D. 23. L. 64.
ЦПКиО им. Горького / TSPKiO im. Gor'kogo,"Moscow, SU","Крымский вал, 9","55.73154109054722, 37.60327706944183",,1,757,"summer cinema,Data on cinema's run is based on 1949 report",TCGAM. F. 265. Op. 1. D. 23. L. 65.
Шторм / Shtorm,"Moscow, SU","Русаковская, 1","55.78235111103543, 37.67006121362364",,1,678,Data on cinema's run is based on 1949 report,TCGAM. F. 265. Op. 1. D. 23. L. 64.
Экран жизни / Ėkran zhizni,"Moscow, SU","Садово-Каретная, 45","55.77342398078649, 37.611662769437814",,1,569,Data on cinema's run is based on 1949 report,TCGAM. F. 265. Op. 1. D. 23. L. 64.
Экспресс / Ėkspress,"Moscow, SU","Цветной бульвар, 25","55.77321250837942, 37.620671571295084",,2,262,Data on cinema's run is based on 1949 report,TCGAM. F. 265. Op. 1. D. 23. L. 64.
Эрмитаж / Ėrmitazh,"Moscow, SU","Каретный ряд, 3","55.77035848488775, 37.60921074307702",,1,704,Data on cinema's run is based on 1949 report,TCGAM. F. 265. Op. 1. D. 23. L. 64.
Юный зритель / IUnyĭ zritel',"Moscow, SU","Арбат, 39","55.74853398105157, 37.588827397745554",,2,361,Data on cinema's run is based on 1949 report,TCGAM. F. 265. Op. 1. D. 23. L. 64.
1952,,,,,,,,
"In 1952, all union cinemas were transferred to the control of the Upravlenie kinofikatsii Mosgorispolkoma",,,,,,,,
Управление кинофикации Мосгорисполкома / Upravlenie kinofikatsii Mosgorispolkoma,,,,,,,,
Cinema,City,Location,Coordinates,,Run,Seats ,Comments,Source
Авангард / Avangard,"Moscow, SU",Б. Якиманка,"55.731779, 37.611473",,2,515,This data is based on the 1953 report,TCGAM. F. 265. Op. 1. D. 30. L. 57
Аврора / Avrora,"Moscow, SU","Чернышевского, 16","55.759157, 37.645708",,3,314,This data is based on the 1953 report,TCGAM. F. 265. Op. 1. D. 30. L. 57
Арс / Ars,"Moscow, SU","Арбат, 51","55.74806146601852, 37.58749976700312",,2,271,This data is based on the 1953 report,TCGAM. F. 265. Op. 1. D. 30. L. 57
Аквариум / Akvarium,"Moscow, SU","Б. Садовая, 14","55.76749154922368, 37.59480267864476",,2,732,"summer cinema, This data is based on the 1953 report",
Баррикады / Barrikady,"Moscow, SU","Баррикадная, 21","55.76064794396243, 37.579330860186516",,2,455,This data is based on the 1953 report,TCGAM. F. 265. Op. 1. D. 30. L. 57
Динамо / Dinamo,"Moscow, SU",Петровский парк,"55.79618060753062, 37.555168887144774",,1,560,This data is based on the 1949 and 1951 reports,TCGAM. F. 265. Op. 1. D. 19. L. 85-87; D. 23. L. 64.
Диск / Disk,"Moscow, SU","Марьинская, 23","55.809621, 37.634416",,3,207,This data is based on the 1953 report,TCGAM. F. 265. Op. 1. D. 30. L. 57
Ждановский ПКиО / Zhdanovskiĭ PKiO,"Moscow, SU","Таганская ул., 40/42","55.739207, 37.667761",,2,584,This data is based on the 1953 report,TCGAM. F. 265. Op. 1. D. 30. L. 58
Заря / Zaria,"Moscow, SU",Пятницкая ул.,"55.745524, 37.626412",,3,242,This data is based on the 1953 report,TCGAM. F. 265. Op. 1. D. 30. L. 57
им. Моссовета / im. Mossoveta,"Moscow, SU","Лужниковская, 27","55.716276142721824, 37.5739001982771",,1,705,This data is based on the 1953 report,TCGAM. F. 265. Op. 1. D. 30. L. 57
им. III Интернационала / im. III Internatsionala,"Moscow, SU","Спартаковская, 21","55.77323586956071, 37.67796359405088",,2,455,This data is based on the 1953 report,TCGAM. F. 265. Op. 1. D. 30. L. 57
Искра / Iskra,"Moscow, SU","Дмитровское шоссе, 3/а","55.81168032493068, 37.57701676520979",,3,210,This data is based on the 1953 report,TCGAM. F. 265. Op. 1. D. 30. L. 57
Кадр / Kadr,"Moscow, SU","Плющиха, 11","55.744520, 37.579277",,3,325,This data is based on the 1953 report,TCGAM. F. 265. Op. 1. D. 30. L. 57
Кинозал короткометражного фильма / Kinozal korotkometrazhnogo fil'ma,"Moscow, SU","Охотный ряд, 6","55.757521, 37.616369",,,151,This data is based on the 1953 report,TCGAM. F. 265. Op. 1. D. 30. L. 58
Кинотеатр повторного фильма / Kinoteatr povtornogo fil'ma,"Moscow, SU","Герцена, 23","55.757288, 37.599238",,2,440,This data is based on the 1953 report,TCGAM. F. 265. Op. 1. D. 30. L. 58
Колизей / Kolizeī,"Moscow, SU","Чистые пруды, 19-а","55.761781, 37.645941",,1,904,This data is based on the 1953 report,TCGAM. F. 265. Op. 1. D. 30. L. 57
Луч / Luch,"Moscow, SU",Сокольнический округ,"55.791681890731304, 37.68025349659428",,2,375,This data is based on the 1953 report,TCGAM. F. 265. Op. 1. D. 30. L. 57
Маяк / Maiak,"Moscow, SU","Дубровский, 4","55.72449012452377, 37.664848882933924",,3,306,This data is based on the 1953 report,TCGAM. F. 265. Op. 1. D. 30. L. 57
Метрополь / Metropol',"Moscow, SU","Пл. Свердлова, 2/4","55.758448, 37.621669",,1,757,This data is based on the 1953 report,TCGAM. F. 265. Op. 1. D. 30. L. 57
Мир / Mir,"Moscow, SU","Сущевский вал, 15","55.79283816599655, 37.59796976091867",,2,362,This data is based on the 1953 report,TCGAM. F. 265. Op. 1. D. 30. L. 57
Молот / Molot,"Moscow, SU","Русаковская, 23","55.785928, 37.675828",,2,442,This data is based on the 1953 report,TCGAM. F. 265. Op. 1. D. 30. L. 57
Москва / Moskva,"Moscow, SU","Пл. Маяковского, 1","55.769671725991564, 37.59471331716628",,1,791,This data is based on the 1953 report,TCGAM. F. 265. Op. 1. D. 30. L. 57
Наука и знание / Nauka i znanie,"Moscow, SU","Арбат, 2","55.752414, 37.599597",,2,323,This data is based on the 1953 report,TCGAM. F. 265. Op. 1. D. 30. L. 58
Новости дня / Novosti dnia,"Moscow, SU","Тверской бульвар, 23","55.762386822142076, 37.602169862309225",,,272,This data is based on the 1953 report,TCGAM. F. 265. Op. 1. D. 30. L. 58
Октябрь / Oktiabr',"Moscow, SU","Шереметьевская, 19","55.79929647698802, 37.61501275297922",,2,436,This data is based on the 1953 report,TCGAM. F. 265. Op. 1. D. 30. L. 57
Орион / Orion,"Moscow, SU","Преображенская пл., 7","55.795618, 37.708499",,1,701,This data is based on the 1953 report,TCGAM. F. 265. Op. 1. D. 30. L. 57
Перекоп / Perekop,"Moscow, SU","Грохольский пер., 22","55.777151, 37.638043",,1,590,This data is based on the 1953 report,TCGAM. F. 265. Op. 1. D. 30. L. 58
ПКиО Сокольники / PKIO Sokol'niki,"Moscow, SU",Сокольнический круг,"55.792565, 37.677725",,1,700,This data is based on the 1953 report,TCGAM. F. 265. Op. 1. D. 30. L. 59
Призыв / Prizyv,"Moscow, SU",Можайское шоссе 47/51,"55.717432889661616, 37.4076118136208",,1,386,This data is based on the 1953 report,TCGAM. F. 265. Op. 1. D. 30. L. 58
Родина / Rodina,"Moscow, SU",Семеновская пл.,"55.781570, 37.717869",,1,1313,This data is based on the 1953 report,TCGAM. F. 265. Op. 1. D. 30. L. 58
Сад им. Баумана / Sad im. Baumana,"Moscow, SU","ул. Карла Маркса или Ново-Басманная, 18","55.766581, 37.659918",,1,708,This data is based on the 1953 report,TCGAM. F. 265. Op. 1. D. 30. L. 59
"Салют 2-х зальный / Saliut, 2 venues","Moscow, SU","Нижняя Масловка, 1/2","55.792065, 37.575222",,1,642,This data is based on the 1953 report,TCGAM. F. 265. Op. 1. D. 30. L. 58
Смена / Smena,"Moscow, SU","Б. Грузинская, 51","55.771020990551925, 37.582989154099984",,2,430,This data is based on the 1953 report,TCGAM. F. 265. Op. 1. D. 30. L. 58
Спартак / Spartak,"Moscow, SU","Чернышевского, 55","55.76354670647905, 37.6548476160702",,3,344,This data is based on the 1953 report,TCGAM. F. 265. Op. 1. D. 30. L. 58
Стереокино / Stereokino,"Moscow, SU","Пл Свердлова, 1/8","55.76037895000343, 37.61916289759364",,,178,This data is based on the 1953 report,TCGAM. F. 265. Op. 1. D. 30. L. 58
Таганский / Taganskiĭ,"Moscow, SU",Таганская пл. 12,"55.74038353434052, 37.654197842457705",,1,809,This data is based on the 1953 report,TCGAM. F. 265. Op. 1. D. 30. L. 58
Театр киноактера / Teatr kinoaktera,"Moscow, SU","ул. Воровского, 31","55.756832, 37.586203",,1,924,Data on cinema's capacity is based on 1949 report,"Information on cinema's address is based on Moskovskaia gorodskaia telefonnaia set'. Kratkiĭ telefonnyĭ spravochnik. Moskva : Upr. Mosk. gor. telefonnoy seti, 1955."
"Ударник 2-х зальный / Udarnik, 2 venues","Moscow, SU",Серафимовича,"55.744450, 37.613072",,1,1998,This data is based on the 1953 report,TCGAM. F. 265. Op. 1. D. 30. L. 58
Уран / Uran,"Moscow, SU","Сретенка, 19","55.77040452282041, 37.63155372711536",,1,984,This data is based on the 1953 report,TCGAM. F. 265. Op. 1. D. 30. L. 58
Форум / Forum,"Moscow, SU","Садово-Сухаревская, 14","55.773058432602916, 37.62740330442969",,1,1273,This data is based on the 1953 report,TCGAM. F. 265. Op. 1. D. 30. L. 58
Хроника / Khronika,"Moscow, SU","Сретенка, 4","55.767124, 37.631820",,,296,This data is based on the 1953 report,TCGAM. F. 265. Op. 1. D. 30. L. 58
Художественный / Khudozhestvennyĭ,"Moscow, SU","Арбатская пл., 14","55.752369, 37.602139",,1,1020,This data is based on the 1953 report,TCGAM. F. 265. Op. 1. D. 30. L. 58
Центральный / Tsentral'nyĭ,"Moscow, SU","Горького, 18-а","55.76592426048217, 37.60529052843362",,1,850,This data is based on the 1953 report,TCGAM. F. 265. Op. 1. D. 30. L. 58
ЦПКиО им. Горького / TSPKiO im. Gor'kogo,"Moscow, SU","Крымский вал, 9","55.73154109054722, 37.60327706944183",,1,757,This data is based on the 1953 report,TCGAM. F. 265. Op. 1. D. 30. L. 59
Шторм / Shtorm,"Moscow, SU","Русаковская, 1","55.78235111103543, 37.67006121362364",,1,656,This data is based on the 1953 report,TCGAM. F. 265. Op. 1. D. 30. L. 58
Экран жизни / Ėkran zhizni,"Moscow, SU","Садово-Каретная, 45","55.77342398078649, 37.611662769437814",,1,569,This data is based on the 1953 report,TCGAM. F. 265. Op. 1. D. 30. L. 58
Экспресс / Ėkspress,"Moscow, SU","Цветной бульвар, 25","55.77321250837942, 37.620671571295084",,3,262,This data is based on the 1953 report,TCGAM. F. 265. Op. 1. D. 30. L. 58
Эрмитаж / Ėrmitazh,"Moscow, SU","Каретный ряд, 3","55.77035848488775, 37.60921074307702",,1,652,This data is based on the 1953 report,TCGAM. F. 265. Op. 1. D. 30. L. 58
Юный зритель / IUnyĭ zritel',"Moscow, SU","Арбат, 39","55.74853398105157, 37.588827397745554",,2,353,This data is based on the 1953 report,TCGAM. F. 265. Op. 1. D. 30. L. 58
1953,,,,,,,,
Отдел кинофикации управления культуры Мосгорисполкома / Otdel kinofikatsii upravleniia kul'tury Mosgorispolkoma,,,,,,,,
Cinema,City,Location,Coordinates,,Run,Seats ,Comments,Source
Авангард / Avangard,"Moscow, SU",Б. Якиманка,"55.731779, 37.611473",,2,515,,TCGAM. F. 265. Op. 1. D. 30. L. 57
Аврора / Avrora,"Moscow, SU","Чернышевского, 16","55.759157, 37.645708",,3,314,,TCGAM. F. 265. Op. 1. D. 30. L. 57
Аквариум / Akvarium,"Moscow, SU","Садовая, 14","55.76749154922368, 37.59480267864476",,2,732,summer cinema,TCGAM. F. 265. Op. 1. D. 30. L. 59
Арс / Ars,"Moscow, SU","Арбат, 51","55.74806146601852, 37.58749976700312",,2,271,,TCGAM. F. 265. Op. 1. D. 30. L. 57
Баррикады / Barrikady,"Moscow, SU","Баррикадная, 21","55.76064794396243, 37.579330860186516",,2,455,,TCGAM. F. 265. Op. 1. D. 30. L. 57
Дзержинский ПКиО / Dzerzhinskiĭ PKiO,"Moscow, SU","Останкинская, 7","55.83032412781143, 37.61469840946716",,2,652,summer cinema,TCGAM. F. 265. Op. 1. D. 30. L. 59
Диск / Disk,"Moscow, SU","Марьинская, 23","55.809621, 37.634416",,3,207,,TCGAM. F. 265. Op. 1. D. 30. L. 57
Ждановский ПКиО / Zhdanovskiĭ PKiO,"Moscow, SU","Таганская ул., 40/42","55.739207, 37.667761",,2,584,,TCGAM. F. 265. Op. 1. D. 30. L. 58
Заря / Zaria,"Moscow, SU",Пятницкая ул.,"55.745524, 37.626412",,3,242,,TCGAM. F. 265. Op. 1. D. 30. L. 57
Измайловский ПКиО имени Сталина / Izmaĭlovskiĭ PKiO imeni Stalina,"Moscow, SU",Измайлово,"55.77299499453838, 37.76126878218039",,3,600,summer cinema,TCGAM. F. 265. Op. 1. D. 30. L. 59
им. Моссовета / im. Mossoveta,"Moscow, SU","Лужниковская, 27","55.716276142721824, 37.5739001982771",,1,705,,TCGAM. F. 265. Op. 1. D. 30. L. 57
им. III Интернационала / im. III Internatsionala,"Moscow, SU","Спартаковская, 21","55.77323586956071, 37.67796359405088",,2,455,,TCGAM. F. 265. Op. 1. D. 30. L. 57
Искра / Iskra,"Moscow, SU","Дмитровское шоссе, 3/а","55.81168032493068, 37.57701676520979",,3,210,,TCGAM. F. 265. Op. 1. D. 30. L. 57
Кадр / Kadr,"Moscow, SU","Плющиха, 11","55.744520, 37.579277",,3,325,,TCGAM. F. 265. Op. 1. D. 30. L. 57
Кинозал короткометражного фильма / Kinozal korotkometrazhnogo fil'ma,"Moscow, SU","Охотный ряд, 6","55.757521, 37.616369",,,151,"newsreel, on a balance sheet with Stereokino",TCGAM. F. 265. Op. 1. D. 30. L. 58
Кинотеатр повторного фильма / Kinoteatr povtornogo fil'ma,"Moscow, SU","Герцена, 23","55.757288, 37.599238",,2,440,,TCGAM. F. 265. Op. 1. D. 30. L. 58
Колизей / Kolizeī,"Moscow, SU","Чистые пруды, 19-а","55.761781, 37.645941",,1,904,,TCGAM. F. 265. Op. 1. D. 30. L. 57
Красная Пресня / Krasnaia Presnia,"Moscow, SU","Мантулинская, 5","55.75519658574544, 37.557861177072844",,3,185,,TCGAM. F. 265. Op. 1. D. 30. L. 57
Луч / Luch,"Moscow, SU",Сокольнический округ,"55.791681890731304, 37.68025349659428",,2,375,,TCGAM. F. 265. Op. 1. D. 30. L. 57
"Маяк 2-х зальный / Maiak, 2 venues","Moscow, SU","Дубровский, 4","55.72449012452377, 37.664848882933924",,3,306,,TCGAM. F. 265. Op. 1. D. 30. L. 57
"Метрополь 3-х зальный / Metropol', 3 venues","Moscow, SU","Пл. Свердлова, 2/4","55.758448, 37.621669",,1,757,,TCGAM. F. 265. Op. 1. D. 30. L. 57
Мир / Mir,"Moscow, SU","Сущевский вал, 15","55.79283816599655, 37.59796976091867",,2,362,,TCGAM. F. 265. Op. 1. D. 30. L. 57
Молот / Molot,"Moscow, SU","Русаковская, 23","55.785928, 37.675828",,2,442,,TCGAM. F. 265. Op. 1. D. 30. L. 57
Москва / Moskva,"Moscow, SU","Пл. Маяковского, 1","55.769671725991564, 37.59471331716628",,1,791,,TCGAM. F. 265. Op. 1. D. 30. L. 57
Наука и знание / Nauka i znanie,"Moscow, SU","Арбат, 2","55.752414, 37.599597",,2,323,,TCGAM. F. 265. Op. 1. D. 30. L. 58
Новости дня / Novosti dnia,"Moscow, SU","Тверской бульвар, 23","55.762386822142076, 37.602169862309225",,,272,newsreel,TCGAM. F. 265. Op. 1. D. 30. L. 58
Октябрь / Oktiabr',"Moscow, SU","Шереметьевская, 19","55.79929647698802, 37.61501275297922",,2,436,,TCGAM. F. 265. Op. 1. D. 30. L. 57
Орион / Orion,"Moscow, SU","Преображенская пл., 7","55.795618, 37.708499",,1,701,,TCGAM. F. 265. Op. 1. D. 30. L. 57
Открытый кинотеатр (Усачёвский сквер) / Otkrytyĭ kinoteatr (Usachëvskiī skver),"Moscow, SU",Усачёвский сквер,"55.724584197535705, 37.56102498972425",,3,595,summer cinema,TCGAM. F. 265. Op. 1. D. 30. L. 59
Открытый кинотеатр в парке им. Воровского / Otkrytyĭ kinoteatr v parke im. Vorovskogo,"Moscow, SU","Ленинградское шоссе, 244","55.81946149407082, 37.50539195493388",,3,588,summer cinema,TCGAM. F. 265. Op. 1. D. 30. L. 59
Перекоп / Perekop,"Moscow, SU","Грохольский пер., 22","55.777151, 37.638043",,1,590,,TCGAM. F. 265. Op. 1. D. 30. L. 58
ПКиО Сокольники / PKIO Sokol'niki,"Moscow, SU",Сокольнический круг,"55.792565, 37.677725",,1,700,summer cinema,TCGAM. F. 265. Op. 1. D. 30. L. 59
Призыв / Prizyv,"Moscow, SU",Можайское шоссе 47/51,"55.717432889661616, 37.4076118136208",,1,386,,TCGAM. F. 265. Op. 1. D. 30. L. 58
"Родина 2-х зальный / Rodina, 2 venues","Moscow, SU",Семеновская пл.,"55.781570, 37.717869",,1,1313,,TCGAM. F. 265. Op. 1. D. 30. L. 58
Сад им. Баумана / Sad im. Baumana,"Moscow, SU","ул. Карла Маркса или Ново-Басманная, 18","55.766581, 37.659918",,1,708,summer cinema,TCGAM. F. 265. Op. 1. D. 30. L. 59
Сад Эрмитаж / Sad Ėrmitazh,"Moscow, SU","Каретный ряд, 3","55.77080510877408, 37.60954337553044",,1,428,"summer cinema, on a balance sheet with Ėrmitazh",TCGAM. F. 265. Op. 1. D. 30. L. 59
"Салют 2-х зальный / Saliut, 2 venues","Moscow, SU","Нижняя Масловка, 1/2","55.792065, 37.575222",,1,642,,TCGAM. F. 265. Op. 1. D. 30. L. 58
Смена / Smena,"Moscow, SU","Б. Грузинская, 51","55.771020990551925, 37.582989154099984",,2,430,,TCGAM. F. 265. Op. 1. D. 30. L. 58
Спартак / Spartak,"Moscow, SU","Чернышевского, 55","55.76354670647905, 37.6548476160702",,3,344,,TCGAM. F. 265. Op. 1. D. 30. L. 58
Стереокино / Stereokino,"Moscow, SU","Пл Свердлова, 1/8","55.76037895000343, 37.61916289759364",,,178,specialized,TCGAM. F. 265. Op. 1. D. 30. L. 58
Таганский / Taganskiĭ,"Moscow, SU",Таганская пл. 12,"55.74038353434052, 37.654197842457705",,1,809,,TCGAM. F. 265. Op. 1. D. 30. L. 58
Театр киноактера / Teatr kinoaktera,"Moscow, SU","ул. Воровского, 31","55.756832, 37.586203",,1,924,Data on cinema's capacity and run is based on 1949 report,"The data on cinema's address is based on Moskovskaia gorodskaia telefonnaia set'. Kratkiĭ telefonnyĭ spravochnik. Moskva : Upr. Mosk. gor. telefonnoy seti, 1955."
"Ударник 2-х зальный / Udarnik, 2 venues","Moscow, SU",Серафимовича,"55.744450, 37.613072",,1,1998,,TCGAM. F. 265. Op. 1. D. 30. L. 58
Уран / Uran,"Moscow, SU","Сретенка, 19","55.77040452282041, 37.63155372711536",,1,984,,TCGAM. F. 265. Op. 1. D. 30. L. 58
Форум / Forum,"Moscow, SU","Садово-Сухаревская, 14","55.773058432602916, 37.62740330442969",,1,1273,,TCGAM. F. 265. Op. 1. D. 30. L. 58
Хроника / Khronika,"Moscow, SU","Сретенка, 4","55.767124, 37.631820",,,296,newsreel,TCGAM. F. 265. Op. 1. D. 30. L. 58
Художественный / Khudozhestvennyĭ,"Moscow, SU","Арбатская пл., 14","55.752369, 37.602139",,1,1020,,TCGAM. F. 265. Op. 1. D. 30. L. 58
Центральный / Tsentral'nyĭ,"Moscow, SU","Горького, 18-а","55.76592426048217, 37.60529052843362",,1,850,,TCGAM. F. 265. Op. 1. D. 30. L. 58
ЦПКиО им. Горького / TSPKiO im. Gor'kogo,"Moscow, SU","Крымский вал, 9","55.73154109054722, 37.60327706944183",,1,757,summer cinema,TCGAM. F. 265. Op. 1. D. 30. L. 59
Шторм / Shtorm,"Moscow, SU","Русаковская, 1","55.78235111103543, 37.67006121362364",,1,656,,TCGAM. F. 265. Op. 1. D. 30. L. 58
Экран жизни / Ėkran zhizni,"Moscow, SU","Садово-Каретная, 45","55.77342398078649, 37.611662769437814",,1,569,,TCGAM. F. 265. Op. 1. D. 30. L. 58
Экспресс / Ėkspress,"Moscow, SU","Цветной бульвар, 25","55.77321250837942, 37.620671571295084",,3,262,,TCGAM. F. 265. Op. 1. D. 30. L. 58
Эрмитаж / Ėrmitazh,"Moscow, SU","Каретный ряд, 3","55.77035848488775, 37.60921074307702",,1,652,,TCGAM. F. 265. Op. 1. D. 30. L. 58
Юный зритель / IUnyĭ zritel',"Moscow, SU","Арбат, 39","55.74853398105157, 37.588827397745554",,2,353,,TCGAM. F. 265. Op. 1. D. 30. L. 58
1954,,,,,,,,
Отдел кинофикации управления культуры Мосгорисполкома / Otdel kinofikatsii upravleniia kul'tury Mosgorispolkoma,,,,,,,,
Cinema,City,Location,Coordinates,,Run,Seats ,Comments,Source
Авангард / Avangard,"Moscow, SU",Б. Якиманка,"55.731779, 37.611473",,2,463,,TCGAM. F. 265. Op. 1. D. 36. L. 52-54
Аврора / Avrora,"Moscow, SU","ул. Чернышевского, 16","55.759157, 37.645708",,3,306,,TCGAM. F. 265. Op. 1. D. 36. L. 52-54
Аквариум / Akvarium,"Moscow, SU","Б. Садовая, 14","55.76749154922368, 37.59480267864476",,2,732,summer cinema,TCGAM. F. 265. Op. 1. D. 36. L. 52-54
Баррикады / Barrikady,"Moscow, SU","Баррикадная, 21","55.76064794396243, 37.579330860186516	",,2,426,,TCGAM. F. 265. Op. 1. D. 36. L. 52-54
ВСХВ большой зал / VSKHV bol'shoī zal,"Moscow, SU",Территория ВСХВ,"55.831674872324214, 37.63130193594137",,1,736,summer cinema,TCGAM. F. 265. Op. 1. D. 36. L. 52-54
ВСХВ малый зал / VSKHV malyī zal,"Moscow, SU",Территория ВСХВ,"55.831674872324214, 37.63130193594137",,2,438,summer cinema,TCGAM. F. 265. Op. 1. D. 36. L. 52-54
Дзержинский ПКиО / Dzerzhinskiĭ PKiO,"Moscow, SU","Останкинская, 17","55.83032412781143, 37.61469840946716	",,2,652,summer cinema,TCGAM. F. 265. Op. 1. D. 36. L. 52-54
Динамо / Dinamo,"Moscow, SU",Петровский парк,"55.79618060753062, 37.555168887144774	",,1,522,,TCGAM. F. 265. Op. 1. D. 36. L. 52-54
Диск / Disk,"Moscow, SU",Мариинская ул. 23,"55.809621, 37.634416	",,3,207,,TCGAM. F. 265. Op. 1. D. 36. L. 52-54
Дружба / Druzhba,"Moscow, SU",Новопесчанная ул. корп. 60,"55.79626860234792, 37.512730548107776",,1,277,,TCGAM. F. 265. Op. 1. D. 36. L. 52-54
Заря / Zaria,"Moscow, SU",Пятницкая ул. 2,"55.745524, 37.626412	",,3,228,,TCGAM. F. 265. Op. 1. D. 36. L. 52-54
Звезда / Zvezda,"Moscow, SU","ул. Чкалова, д. 8-22","55.76002828365596, 37.6571141119478",,1,228,,TCGAM. F. 265. Op. 1. D. 36. L. 52-54
Знамя / Znamia,"Moscow, SU",Подгорская наб.д. 1/15,"55.74813515028734, 37.64490519799821",,1,332,,TCGAM. F. 265. Op. 1. D. 36. L. 52-54
Измайловский ПКиО имени Сталина / Izmaĭlovskiĭ PKiO imeni Stalina,"Moscow, SU",Измайлово,"55.77299499453838, 37.76126878218039	",,3,600,summer cinema,TCGAM. F. 265. Op. 1. D. 36. L. 52-54
им. Моссовета / im. Mossoveta,"Moscow, SU","Лужниковская, 27","55.716276142721824, 37.5739001982771",,1,684,,TCGAM. F. 265. Op. 1. D. 36. L. 52-54
Искра / Iskra,"Moscow, SU","Дмитровское шоссе, 3а","55.81168032493068, 37.57701676520979",,3,210,,TCGAM. F. 265. Op. 1. D. 36. L. 52-54
Кадр / Kadr,"Moscow, SU","Плющихa, 11","55.744520, 37.579277",,3,325,,TCGAM. F. 265. Op. 1. D. 36. L. 52-54
Кинозал короткометражного фильма / Kinozal korotkometrazhnogo fil'ma,"Moscow, SU","Охотный ряд, 6","55.757521, 37.616369",,,151,newsreel,TCGAM. F. 265. Op. 1. D. 36. L. 52-54
Кинотеатр повторного фильма / Kinoteatr povtornogo fil'ma,"Moscow, SU","ул. Герцена, 23/9","55.757288, 37.599238",,2,440,,TCGAM. F. 265. Op. 1. D. 36. L. 52-54
Колизей / Kolizeĭ,"Moscow, SU","Чистые пруды, 19а","55.761781, 37.645941",,1,904,,TCGAM. F. 265. Op. 1. D. 36. L. 52-54
Красная Пресня / Krasnaia presnia,"Moscow, SU","Мантулинская, 5","55.75519658574544, 37.557861177072844	",,3,185,,TCGAM. F. 265. Op. 1. D. 36. L. 52-54
Луч / Luch,"Moscow, SU",Сокольнической округ,"55.791681890731304, 37.68025349659428",,2,375,,TCGAM. F. 265. Op. 1. D. 36. L. 52-54
"Маяк 2-х зальный / Maiak, 2 venues","Moscow, SU",Дубровский пр. 4,"55.72449012452377, 37.664848882933924",,3,306,,TCGAM. F. 265. Op. 1. D. 36. L. 52-54
"Метрополь 3-х зальный / Metropol', 3 venues","Moscow, SU","Пл. Свердлова, 2/4","55.758448, 37.621669",,1,730,,TCGAM. F. 265. Op. 1. D. 36. L. 52-54
Мир / Mir,"Moscow, SU","Сущевский вал, 15","55.79283816599655, 37.59796976091867",,2,323,,TCGAM. F. 265. Op. 1. D. 36. L. 52-54
Молот / Molot,"Moscow, SU","Русаковская, 23","55.785928, 37.675828",,2,328,,TCGAM. F. 265. Op. 1. D. 36. L. 52-54
Москва,"Moscow, SU",Пл. Маяковского,"55.769671725991564, 37.59471331716628",,1,791,,TCGAM. F. 265. Op. 1. D. 36. L. 52-54
Наука и знание / Nauka i znanie,"Moscow, SU","Арбат, 51","55.74814594330477, 37.587553398356306",,2,237,,TCGAM. F. 265. Op. 1. D. 36. L. 52-54
Новости дня / Novosti dnia,"Moscow, SU",Тверской бульв. 23,"55.762386822142076, 37.602169862309225",,,259,newsreel,TCGAM. F. 265. Op. 1. D. 36. L. 52-54
Октябрь / Oktiabr',"Moscow, SU","Шереметьевская, 19","55.79929647698802, 37.61501275297922",,2,381,,TCGAM. F. 265. Op. 1. D. 36. L. 52-54
Орион / Orion,"Moscow, SU",Преображенская пл. 7,"55.795618, 37.708499",,1,659,,TCGAM. F. 265. Op. 1. D. 36. L. 52-54
Открытый кинотеатр (Усачёвский сквер) / Otkrytyĭ kinoteatr (Usachëvskiī skver),"Moscow, SU",Усачевский сквер,"55.724584197535705, 37.56102498972425	",,3,595,summer cinema,TCGAM. F. 265. Op. 1. D. 36. L. 52-54
Открытый кинотеатр в парке им. Воровского / Otkrytyĭ kinoteatr v parke im. Vorovskogo,"Moscow, SU",Ленинградское шоссе 244,"55.81946149407082, 37.50539195493388	",,3,588,summer cinema,TCGAM. F. 265. Op. 1. D. 36. L. 52-54
Перекоп / Perekop,"Moscow, SU",Грохольский пер. 22,"55.777151, 37.638043	",,1,590,,TCGAM. F. 265. Op. 1. D. 36. L. 52-54
ПКиО Сокольники / PKIO Sokol'niki,"Moscow, SU",Сокольнической округ,"55.792565, 37.677725	",,1,701,summer cinema,TCGAM. F. 265. Op. 1. D. 36. L. 52-54
Призыв / Prizyv,"Moscow, SU","Можайское шоссе, д. 47-51","55.717432889661616, 37.4076118136208	",,1,386,,TCGAM. F. 265. Op. 1. D. 36. L. 52-54
Радуга / Raduga,"Moscow, SU","Спартаковская, 21","55.77319966176864, 37.67882190091637",,1,440,,TCGAM. F. 265. Op. 1. D. 36. L. 52-54
"Родина 2-х зальный / Rodina, 2 venues","Moscow, SU",Семеновская пл.,"55.781570, 37.717869",,1,1268,,TCGAM. F. 265. Op. 1. D. 36. L. 52-54
Сад им. Баумана / Sad im. Baumana,"Moscow, SU","ул. Карла Маркса, 18","55.766581, 37.659918",,1,708,summer cinema,TCGAM. F. 265. Op. 1. D. 36. L. 52-54
Сад Эрмитаж / Sad Ėrmitazh,"Moscow, SU","Каретный ряд, 3","55.77080510877408, 37.60954337553044",,1,428,summer cinema,TCGAM. F. 265. Op. 1. D. 36. L. 52-54
"Салют 2-х зальный / Saliut, 2 venues","Moscow, SU","Ниж. Масловка, д. 1/2","55.792065, 37.575222",,1,642,,TCGAM. F. 265. Op. 1. D. 36. L. 52-54
Смена / Smena,"Moscow, SU","Б. Грузинская, 51","55.771020990551925, 37.582989154099984",,2,403,,TCGAM. F. 265. Op. 1. D. 36. L. 52-54
Спартак / Spartak,"Moscow, SU","ул. Чернышевского, 55","55.76354670647905, 37.6548476160702",,3,336,,TCGAM. F. 265. Op. 1. D. 36. L. 52-54
Стереокино / Stereokino,"Moscow, SU","пл. Свердлова, 1/3","55.76037895000343, 37.61916289759364",,,178,stereo films,TCGAM. F. 265. Op. 1. D. 36. L. 52-54
Таганский / Taganskiĭ,"Moscow, SU",Таганская пл. 12,"55.74038353434052, 37.654197842457705",,1,793,,TCGAM. F. 265. Op. 1. D. 36. L. 52-54
"Ударник, включая малый и красный залы, 496 мест / Udarnik, including small and reed venues of 496 places","Moscow, SU",ул. Серафимовича,"55.744450, 37.613072",,1,2098,,TCGAM. F. 265. Op. 1. D. 36. L. 52-54
Уран / Uran,"Moscow, SU",Сретенка. 19,"55.77040452282041, 37.63155372711536",,1,937,,TCGAM. F. 265. Op. 1. D. 36. L. 52-54
Форум / Forum,"Moscow, SU","Садово-Сухаревская, 14","55.773058432602916, 37.62740330442969",,1,1257,,TCGAM. F. 265. Op. 1. D. 36. L. 52-54
Хроника / Khronika,"Moscow, SU","Сретенка, 4","55.767124, 37.631820",,,267,newsreel,TCGAM. F. 265. Op. 1. D. 36. L. 52-54
Художественный / Khudozhestvennyĭ,"Moscow, SU",Арбатская пл. 14,"55.752369, 37.602139",,1,357,,TCGAM. F. 265. Op. 1. D. 36. L. 52-54
Центральный / Tsentral'nyĭ,"Moscow, SU","ул. Горького, 18-а","55.76592426048217, 37.60529052843362",,1,788,,TCGAM. F. 265. Op. 1. D. 36. L. 52-54
ЦПКиО им. Горького / TSPKiO im. Gor'kogo,"Moscow, SU","Крымский вал, 9","55.73154109054722, 37.60327706944183",,1,742,summer cinema,TCGAM. F. 265. Op. 1. D. 36. L. 52-54
Шторм / Shtorm,"Moscow, SU","Русаковская, 1","55.78235111103543, 37.67006121362364",,1,622,,TCGAM. F. 265. Op. 1. D. 36. L. 52-54
Экран жизни / Ėkran zhizni,"Moscow, SU","Садово-Каретная, 45","55.77342398078649, 37.611662769437814",,2,565,,TCGAM. F. 265. Op. 1. D. 36. L. 52-54
Экспресс / Ėkspress,"Moscow, SU","Цветной бульвар, 25","55.77321250837942, 37.620671571295084",,3,253,,TCGAM. F. 265. Op. 1. D. 36. L. 52-54
Эрмитаж / Ėrmitazh,"Moscow, SU","Каретный ряд, 3","55.77035848488775, 37.60921074307702",,1,652,,TCGAM. F. 265. Op. 1. D. 36. L. 52-54
Юный зритель / IUnyĭ zritel',"Moscow, SU","Арбат, 39","55.74853398105157, 37.588827397745554",,2,353,,TCGAM. F. 265. Op. 1. D. 36. L. 52-54
1955,,,,,,,,
Отдел кинофикации управления культуры Мосгорисполкома / Otdel kinofikatsii upravleniia kul'tury Mosgorispolkoma,,,,,,,,
Cinema,City,Location,Coordinates,,Run,Seats ,Comments,Source
Авангард / Avangard,"Moscow, SU",Б. Якиманка,"55.731779, 37.611473",,2,463,,TCGAM. F. 265. Op. 1. D. 42. L. 72-73
Аврора / Avrora,"Moscow, SU","ул. Чернышевского, 16","55.759157, 37.645708",,3,306,,TCGAM. F. 265. Op. 1. D. 42. L. 72-73
Аквариум / Akvarium,"Moscow, SU","Б. Садовая, 14","55.76749154922368, 37.59480267864476",,2,732,summer cinema,TCGAM. F. 265. Op. 1. D. 42. L. 72-73
Баррикады / Barrikady,"Moscow, SU","Баррикадная, 21","55.76064794396243, 37.579330860186516	",,2,426,,TCGAM. F. 265. Op. 1. D. 42. L. 72-73
ВСХВ большой зал / VSKHV bol'shoī zal,"Moscow, SU",Территория ВСХВ,"55.831674872324214, 37.63130193594137",,1,736,summer cinema,TCGAM. F. 265. Op. 1. D. 42. L. 72-73
ВСХВ малый зал / VSKHV malyī zal,"Moscow, SU",Территория ВСХВ,"55.831674872324214, 37.63130193594137",,2,438,summer cinema,TCGAM. F. 265. Op. 1. D. 42. L. 72-73
Дзержинский ПКиО / Dzerzhinskiĭ PKiO,"Moscow, SU","Останкинская, 17","55.83032412781143, 37.61469840946716	",,2,652,summer cinema,TCGAM. F. 265. Op. 1. D. 42. L. 72-73
Динамо / Dinamo,"Moscow, SU",Петровский парк,"55.79618060753062, 37.555168887144774	",,1,522,,TCGAM. F. 265. Op. 1. D. 42. L. 72-73
Диск / Disk,"Moscow, SU",Мариинская ул. 23,"55.809621, 37.634416	",,3,207,,TCGAM. F. 265. Op. 1. D. 42. L. 72-73
Дружба / Druzhba,"Moscow, SU",Новопесчанная ул. корп. 60,"55.79626860234792, 37.512730548107776",,1,277,,TCGAM. F. 265. Op. 1. D. 42. L. 72-73
Заря / Zaria,"Moscow, SU",Пятницкая ул. 2,"55.745524, 37.626412	",,3,228,,TCGAM. F. 265. Op. 1. D. 42. L. 72-73
Звезда / Zvezda,"Moscow, SU","ул. Чкалова, д. 8-22","55.76002828365596, 37.6571141119478",,1,228,,TCGAM. F. 265. Op. 1. D. 42. L. 72-73
Знамя / Znamia,"Moscow, SU",Подгорская наб.д. 1/15,"55.74813515028734, 37.64490519799821",,1,332,,TCGAM. F. 265. Op. 1. D. 42. L. 72-73
Измайловский ПКиО имени Сталина / Izmaĭlovskiĭ PKiO imeni Stalina,"Moscow, SU",Измайлово,"55.77299499453838, 37.76126878218039	",,3,600,summer cinema,TCGAM. F. 265. Op. 1. D. 42. L. 72-73
им. Моссовета / im. Mossoveta,"Moscow, SU","Лужниковская, 27","55.716276142721824, 37.5739001982771",,1,684,,TCGAM. F. 265. Op. 1. D. 42. L. 72-73
Искра / Iskra,"Moscow, SU","Дмитровское шоссе, 3а","55.81168032493068, 37.57701676520979",,3,210,,TCGAM. F. 265. Op. 1. D. 42. L. 72-73
Кадр / Kadr,"Moscow, SU","Плющихa, 11","55.744520, 37.579277",,3,325,,TCGAM. F. 265. Op. 1. D. 42. L. 72-73
Кинозал короткометражного фильма / Kinozal korotkometrazhnogo fil'ma,"Moscow, SU","Охотный ряд, 6","55.757521, 37.616369",,3,151,,TCGAM. F. 265. Op. 1. D. 42. L. 72-73
Кинотеатр повторного фильма / Kinoteatr povtornogo fil'ma,"Moscow, SU","ул. Герцена, 23/9","55.757288, 37.599238",,2,440,,TCGAM. F. 265. Op. 1. D. 42. L. 72-73
Колизей / Kolizeĭ,"Moscow, SU","Чистые пруды, 19а","55.761781, 37.645941",,1,904,,TCGAM. F. 265. Op. 1. D. 42. L. 72-73
Луч / Luch,"Moscow, SU",Сокольнической округ,"55.791681890731304, 37.68025349659428",,2,375,,TCGAM. F. 265. Op. 1. D. 42. L. 72-73
"Маяк 2-х зальный / Maiak, 2 venues","Moscow, SU",Дубровский пр. 4,"55.72449012452377, 37.664848882933924",,3,306,,TCGAM. F. 265. Op. 1. D. 42. L. 72-73
"Метрополь 3-х зальный / Metropol', 3 venues","Moscow, SU","Пл. Свердлова, 2/4","55.758448, 37.621669",,1,730,,TCGAM. F. 265. Op. 1. D. 42. L. 72-73
Мир / Mir,"Moscow, SU","Сущевский вал, 15","55.79283816599655, 37.59796976091867",,2,323,,TCGAM. F. 265. Op. 1. D. 42. L. 72-73
"Молния 2-х зальный / Molniia, 2 venues","Moscow, SU","Новые Черемушки, корп. 18","55.682472,37.571654",,1,387,,TCGAM. F. 265. Op. 1. D. 42. L. 72-73
Молот / Molot,"Moscow, SU","Русаковская, 23","55.785928, 37.675828",,2,328,,TCGAM. F. 265. Op. 1. D. 42. L. 72-73
Москва,"Moscow, SU",Пл. Маяковского,"55.769671725991564, 37.59471331716628",,1,791,,TCGAM. F. 265. Op. 1. D. 42. L. 72-73
Наука и знание / Nauka i znanie,"Moscow, SU","Арбат, 51","55.74814594330477, 37.587553398356306",,2,237,,TCGAM. F. 265. Op. 1. D. 42. L. 72-73
Новости дня / Novosti dnia,"Moscow, SU",Тверской бульв. 23,"55.762386822142076, 37.602169862309225",,3,259,,TCGAM. F. 265. Op. 1. D. 42. L. 72-73
Октябрь / Oktiabr',"Moscow, SU","Шереметьевская, 19","55.79929647698802, 37.61501275297922",,2,381,,TCGAM. F. 265. Op. 1. D. 42. L. 72-73
Орион / Orion,"Moscow, SU",Преображенская пл. 7,"55.795618, 37.708499",,1,659,,TCGAM. F. 265. Op. 1. D. 42. L. 72-73
Отдых / Otdykh,"Moscow, SU",Фрунзенская нам. 10б,"55.73262028126655, 37.59489651255558",,1,225,,TCGAM. F. 265. Op. 1. D. 42. L. 72-73
Перекоп / Perekop,"Moscow, SU",Грохольский пер. 22,"55.777151, 37.638043	",,1,590,,TCGAM. F. 265. Op. 1. D. 42. L. 72-73
Пионер / Pioner,"Moscow, SU",Можайское шоссе д. 31-35,"55.74514068259107, 37.55038335356596",,2,355,,TCGAM. F. 265. Op. 1. D. 42. L. 72-73
ПКиО Сокольники / PKIO Sokol'niki,"Moscow, SU",Сокольнической округ,"55.792565, 37.677725	",,1,701,summer cinema,TCGAM. F. 265. Op. 1. D. 42. L. 72-73
"Пламя 2-х зальный / Plamia,2 venues","Moscow, SU",Пл. Восстания,"55.75901565453023, 37.580598513578416",,1,590,,TCGAM. F. 265. Op. 1. D. 42. L. 72-73
Призыв / Prizyv,"Moscow, SU","Можайское шоссе, д. 47-51","55.717432889661616, 37.4076118136208	",,1,386,,TCGAM. F. 265. Op. 1. D. 42. L. 72-73
Радуга / Raduga,"Moscow, SU","Спартаковская, 21","55.77319966176864, 37.67882190091637",,2,440,,TCGAM. F. 265. Op. 1. D. 42. L. 72-73
"Родина 2-х зальный / Rodina, 2 venues","Moscow, SU",Семеновская пл.,"55.781570, 37.717869",,1,1268,,TCGAM. F. 265. Op. 1. D. 42. L. 72-73
Сад им. Баумана / Sad im. Baumana,"Moscow, SU","ул. Карла Маркса, 18","55.766581, 37.659918",,1,708,summer cinema,TCGAM. F. 265. Op. 1. D. 42. L. 72-73
Сад Эрмитаж / Sad Ėrmitazh,"Moscow, SU","Каретный ряд, 3","55.77080510877408, 37.60954337553044",,1,428,summer cinema,TCGAM. F. 265. Op. 1. D. 42. L. 72-73
"Салют 2-х зальный / Saliut, 2 venues","Moscow, SU","Ниж. Масловка, д. 1/2","55.792065, 37.575222",,1,642,,TCGAM. F. 265. Op. 1. D. 42. L. 72-73
"Слава 2-х зальный / Slava, 2 venues","Moscow, SU","Шоссе Энтузиастов, 174","55.76173081200837, 37.77388895420797",,1,880,,TCGAM. F. 265. Op. 1. D. 42. L. 72-73
Смена / Smena,"Moscow, SU","Б. Грузинская, 51","55.771020990551925, 37.582989154099984",,2,400,,TCGAM. F. 265. Op. 1. D. 42. L. 72-73
Спартак / Spartak,"Moscow, SU","ул. Чернышевского, 55","55.76354670647905, 37.6548476160702",,3,336,,TCGAM. F. 265. Op. 1. D. 42. L. 72-73
Стереокино / Stereokino,"Moscow, SU","пл. Свердлова, 1/3","55.76037895000343, 37.61916289759364",,,178,stereo films,TCGAM. F. 265. Op. 1. D. 42. L. 72-73
Таганский / Taganskiĭ,"Moscow, SU",Таганская пл. 12,"55.74038353434052, 37.654197842457705",,1,793,,TCGAM. F. 265. Op. 1. D. 42. L. 72-73
"Ударник, включая малый и красный залы, 496 мест / Udarnik, including small and reed venues of 496 places","Moscow, SU",ул. Серафимовича,"55.744450, 37.613072",,1,2098,,TCGAM. F. 265. Op. 1. D. 42. L. 72-73
Уран / Uran,"Moscow, SU",Сретенка. 19,"55.77040452282041, 37.63155372711536",,1,937,,TCGAM. F. 265. Op. 1. D. 42. L. 72-73
Форум / Forum,"Moscow, SU","Садово-Сухаревская, 14","55.773058432602916, 37.62740330442969",,1,1191,,TCGAM. F. 265. Op. 1. D. 42. L. 72-73
Хроника / Khronika,"Moscow, SU","Сретенка, 4","55.767124, 37.631820",,3,267,,TCGAM. F. 265. Op. 1. D. 42. L. 72-73
Художественный / Khudozhestvennyĭ,"Moscow, SU",Арбатская пл. 14,"55.752369, 37.602139",,1,994,,TCGAM. F. 265. Op. 1. D. 42. L. 72-73
Центральный / Tsentral'nyĭ,"Moscow, SU","ул. Горького, 18-а","55.76592426048217, 37.60529052843362",,1,788,,TCGAM. F. 265. Op. 1. D. 42. L. 72-73
ЦПКиО им. Горького / TSPKiO im. Gor'kogo,"Moscow, SU","Крымский вал, 9","55.73154109054722, 37.60327706944183",,1,742,summer cinema,TCGAM. F. 265. Op. 1. D. 42. L. 72-73
Шторм / Shtorm,"Moscow, SU","Русаковская, 1","55.78235111103543, 37.67006121362364",,1,622,,TCGAM. F. 265. Op. 1. D. 42. L. 72-73
Экран жизни / Ėkran zhizni,"Moscow, SU","Садово-Каретная, 45","55.77342398078649, 37.611662769437814",,2,565,,TCGAM. F. 265. Op. 1. D. 42. L. 72-73
Экспресс / Ėkspress,"Moscow, SU","Цветной бульвар, 25","55.77321250837942, 37.620671571295084",,3,253,,TCGAM. F. 265. Op. 1. D. 42. L. 72-73
Эрмитаж / Ėrmitazh,"Moscow, SU","Каретный ряд, 3","55.77035848488775, 37.60921074307702",,1,652,,TCGAM. F. 265. Op. 1. D. 42. L. 72-73
Юный зритель / IUnyĭ zritel',"Moscow, SU","Арбат, 39","55.74853398105157, 37.588827397745554",,2,351,,TCGAM. F. 265. Op. 1. D. 42. L. 72-73